key,smiles,activity10,Class
FNKBVTBXFLSTPB-LBPRGKRZSA-N,CCCN(CCC)[C@H]1CCc2c(F)ccc(O)c2C1,0.38501885902876,0
MDMWHKZANMNXTF-UHFFFAOYSA-N,COC(=O)c1c(C)[nH]c(C)c1C(=O)c1ccccc1Cc1ccccc1,0.4579207920792079,0
BGMZUEKZENQUJY-UHFFFAOYSA-N,COc1cc(CC(C)N)c(OC)cc1I,0.163036303630363,0
NIGWMJHCCYYCSF-UHFFFAOYSA-N,NC(Cc1ccc(Cl)cc1)C(=O)O,0.2326732673267326,0
OCOKWVBYZHBHLU-UHFFFAOYSA-N,CC(C)COC(=O)OCN1C(=O)CN(CCN2CC(=O)N(COC(=O)OCC(C)C)C(=O)C2)CC1=O,0.1575907590759076,0
MGWAVDBGNNKXQV-UHFFFAOYSA-N,CC(C)COC(=O)c1ccccc1C(=O)OCC(C)C,0.1335808580858085,0
UIKROCXWUNQSPJ-UHFFFAOYSA-N,CN1C(=O)CCC1c1cccnc1,0.2834983498349835,0
QFMDFTQOJHFVNR-UHFFFAOYSA-N,CCc1ccc(C(c2ccc(CC)cc2)C(Cl)Cl)cc1,0.8906765676567657,1
BJIPVHLRWSDKOS-UHFFFAOYSA-N,O=S1(=O)N(CCN2CC=C(c3c[nH]c4cc(F)ccc34)CC2)c2cccc3c2N1CCC3,0.620049504950495,1
GFBKORZTTCHDGY-UWVJOHFNSA-N,CN1CCN(CC/C=C2/c3ccccc3Sc3ccc(S(=O)(=O)N(C)C)cc32)CC1,0.780940594059406,1
USYQKCQEVBFJRP-UHFFFAOYSA-N,Brc1cccc(-c2ccccc2)c1,0.5396039603960396,1
HQVHOQAKMCMIIM-HXUWFJFHSA-N,Cc1c(C(=O)c2cccc3ccccc23)c2cccc3c2n1[C@H](CN1CCOCC1)CO3,0.6127062706270627,1
HPMRFMKYPGXPEP-UHFFFAOYSA-N,c1ccc2c(c1)OCC(C1=NCCN1)O2,0.3044554455445544,0
LLBLNMUONVVVPG-UHFFFAOYSA-N,OC1(c2ccc(Cl)cc2)CCN(Cc2c[nH]c3ccccc23)CC1,0.7574257425742574,1
WQGWDDDVZFFDIG-UHFFFAOYSA-N,Oc1cccc(O)c1O,0.0562706270627062,0
JPMIIZHYYWMHDT-UHFFFAOYSA-N,CCCCCCCCn1sccc1=O,0.6534653465346535,1
PQRRSJBLKOPVJV-UHFFFAOYSA-N,BrCC(Br)C1CCC(Br)C(Br)C1,0.4851485148514851,0
AQTITSBNGSVQNZ-UHFFFAOYSA-N,CC1Cc2cc3c(cc2C(c2ccc(N)cc2)=NN1)OCO3,0.412046204620462,0
GTBGXKPAKVYEKJ-UHFFFAOYSA-N,C=C(C)C(=O)OCCCCCCCCCC,0.4145450259311645,0
CTSPAMFJBXKSOY-UHFFFAOYSA-N,Cc1c2ccncc2c(C)c2c1[nH]c1ccccc12,0.7103960396039604,1
WBWFIUAVMCNYPG-BQYQJAHWSA-N,Cn1c(=O)c2c(nc(/C=C/c3cccc(Cl)c3)n2C)n(C)c1=O,0.3915959453088166,0
QLJOSZATCBCBDR-DFKUFRTHSA-N,NC[C@@H]1O[C@H](C23CC4CC(CC(C4)C2)C3)Cc2c1ccc(O)c2O,0.3704620462046205,0
GYSZUJHYXCZAKI-UHFFFAOYSA-N,COc1cccc(OC)c1OCCNCC1COc2ccccc2O1,0.7021452145214521,1
UUSHFEVEROROSP-UHFFFAOYSA-N,CCCOC(=O)c1c(-c2ccccc2)nc(CC)c(C(=O)SCC)c1CCC,0.4049504950495049,0
BGIYKDUASORTBB-UHFFFAOYSA-N,O=[N+]([O-])c1ccc(-c2nc(-c3ccc(F)cc3)c(-c3ccncc3)[nH]2)cc1,0.7871287128712872,1
QDLHCMPXEPAAMD-ZGSWIPFCSA-N,COC[C@H]1OC(=O)c2coc3c2[C@@]1(C)C1=C(C3=O)C2CCC(=O)[C@@]2(C)C[C@H]1OC(C)=O,0.2063531353135313,0
YNZFUWZUGRBMHL-UHFFFAOYSA-N,OCCN1CCN(CCCN2c3ccccc3C=Cc3ccccc32)CC1,0.8778877887788777,1
OCAXFDULERPAJM-UHFFFAOYSA-N,CN1C2CCC1CC(OC(c1ccccc1)c1ccc(Cl)cc1)C2,0.8589108910891089,1
ZLCUIOWQYBYEBG-UHFFFAOYSA-N,Cc1ccc2c(c1N)C(=O)c1ccccc1C2=O,0.2533003300330033,0
NYKCGQQJNVPOLU-KCZVDYSFSA-N,CN(C(=O)Cc1ccc(Cl)c(Cl)c1)[C@@H]1CC[C@]2(CCCO2)C[C@H]1N1CCCC1,0.5371287128712872,1
IISBACLAFKSPIT-UHFFFAOYSA-N,CC(C)(c1ccc(O)cc1)c1ccc(O)cc1,0.4339933993399339,0
GGDBEAVVGFNWIA-UHFFFAOYSA-N,O=[N+]([O-])c1ccc2nc(N3CCNCC3)ccc2c1,0.4455445544554455,0
CHYBTAZWINMGHA-UHFFFAOYSA-N,CCCCCCCC[N+](CCCCCCCC)(CCCCCCCC)CCCCCCCC,1.0,1
ORZROTLRYOYVPB-UHFFFAOYSA-N,COC(=O)c1c(-c2cc(OC)c(OC)c(OC)c2)c2ccc(OCc3ccccn3)cc2c(=O)n1-c1ccc(N)cc1,0.5313531353135313,1
ASXGJMSKWNBENU-CQSZACIVSA-N,CCCN(CCC)[C@@H]1CCc2cccc(O)c2C1,0.3576732673267326,0
VMQJSWQUKLAPAJ-UHFFFAOYSA-N,CCCCN1CCC(n2c(=O)[nH]c3ccccc32)CC1,0.915841584158416,1
IDEHCMNLNCJQST-UHFFFAOYSA-N,NCCCCCCNS(=O)(=O)c1cccc2c(Cl)cccc12,0.7821782178217822,1
GOTMKOSCLKVOGG-UHFFFAOYSA-N,CN1CCc2cc(Cl)c(O)cc2C(c2ccccc2)C1,0.4277227722772277,0
IGFHQQFPSIBGKE-UHFFFAOYSA-N,CCCCCCCCCc1ccc(O)cc1,0.8004950495049504,1
GKCGWXNLOYTUNC-UHFFFAOYSA-N,C1CCC(/N=C(\NC23CC4CC(CC(C4)C2)C3)N2CCOCC2)CC1,0.4034653465346535,0
ATYLRBXENHNROH-UHFFFAOYSA-N,Clc1ccc(C(Cl)(Cl)Cl)cc1Cl,0.5425742574257425,1
VHSBBVZJABQOSG-MRXNPFEDSA-N,COc1ccc(CCNC[C@@H](O)c2ccc(O)cc2)cc1OC,0.4700495049504951,0
NUOYMOJXFODLFN-UHFFFAOYSA-N,NCC(O)C1CCCCCCC1,0.1427392739273927,0
FFFWNLITWYXBHY-ZHACJKMWSA-N,CC(COc1ccc(/C=C/c2ccccc2)cc1)[N+](C)(C)C,0.6851249410655351,1
LKPLKUMXSAEKID-UHFFFAOYSA-N,O=[N+]([O-])c1c(Cl)c(Cl)c(Cl)c(Cl)c1Cl,0.2838283828382838,0
MFLWLDDOGSNSKO-UHFFFAOYSA-N,C=CCOC(=O)CCCCCCCC,0.582036775106082,1
VPKMGDRERYMTJX-CMDGGOBGSA-N,CCC(=O)/C=C/C1C(C)=CCCC1(C)C,0.1585808580858085,0
QOSSAOTZNIDXMA-UHFFFAOYSA-N,C(=NC1CCCCC1)=NC1CCCCC1,0.7462871287128713,1
UKHFPVCOXBJPIN-UHFFFAOYSA-N,COC(=O)c1cc2c(cn1)[nH]c1ccccc12,0.3407590759075907,0
ULALSFRIGPMWRS-UHFFFAOYSA-N,O=[N+]([O-])c1cc([N+](=O)[O-])c2ccccc2c1,0.3945544554455445,0
JWZXKXIUSSIAMR-UHFFFAOYSA-N,N#CSCSC#N,0.2722772277227723,0
GVEPBJHOBDJJJI-UHFFFAOYSA-N,c1ccc2c(c1)-c1cccc3cccc-2c13,0.7155115511551156,1
DQVARXSGNFBPMB-UHFFFAOYSA-N,COc1cccc(C(=O)NCCN2CCN(c3ccc(Cl)cc3)CC2)c1,0.6047854785478547,1
VMWNQDUVQKEIOC-UHFFFAOYSA-N,CN1CCc2cccc3c2C1Cc1ccc(O)c(O)c1-3,0.8754125412541253,1
AHXGXXJEEHFHDK-UHFFFAOYSA-N,Oc1ccc2cc(SSc3ccc4cc(O)ccc4c3)ccc2c1,0.4942244224422442,0
VHHHONWQHHHLTI-UHFFFAOYSA-N,ClC(Cl)(Cl)C(Cl)(Cl)Cl,0.1204620462046204,0
YAORIDZYZDUZCM-UHFFFAOYSA-N,c1ccc(C2CC2)c(OCC2=NCCN2)c1,0.6815181518151815,1
OXZMQFKVNVQMLI-UHFFFAOYSA-N,COc1ccc(CCN(C)CCc2ccc(OC)c(OC)c2)cc1OC,0.9752475247524752,1
LDVVMCZRFWMZSG-UHFFFAOYSA-N,O=C1C2CC=CCC2C(=O)N1SC(Cl)(Cl)Cl,0.2121287128712871,0
MHCVYAFXPIMYRD-UHFFFAOYSA-N,c1ccc(SCCSc2ccccc2)cc1,0.5003300330033005,1
WDXRGPWQVHZTQJ-OSJVMJFVSA-N,C/C=C1\C(=O)C[C@H]2[C@@H]3CCC4=CC(=O)CC[C@]4(C)[C@H]3CC[C@]12C,0.2549504950495049,0
KZSNBJMYJWDVTK-UHFFFAOYSA-N,Clc1ccc(C(Cl)(Cl)Cl)c(Cl)c1,0.3833333333333333,0
YNZFFALZMRAPHQ-SYYKKAFVSA-N,CCCCCCC(C)(C)c1ccc([C@@H]2C[C@H](O)CC[C@H]2CCCO)c(O)c1,0.4682343234323432,0
XJLGXHIRSHTRPQ-UHFFFAOYSA-N,CCCn1c(=O)c2nc(C3CCCC3)[nH]c2n(CCCOC(=O)c2ccc(S(=O)(=O)F)cc2)c1=O,0.4387376237623762,0
WWUZIQQURGPMPG-KRWOKUGFSA-N,CCCCCCCCCCCCC/C=C/[C@@H](O)[C@@H](N)CO,0.4372937293729372,0
PAJPWUMXBYXFCZ-UHFFFAOYSA-N,NC1(C(=O)O)CC1,0.0438943894389438,0
CBEQULMOCCWAQT-WOJGMQOQSA-N,Cc1ccc(/C(=C\CN2CCCC2)c2ccccn2)cc1,0.4628712871287129,0
GHCCBWMZKJQGLS-UHFFFAOYSA-N,O=C(Cc1ccc(Cl)c(Cl)c1)N1CCCCC1CN1CCCC1,0.4900990099009901,0
JFHCDEYLWGVZMX-CMDGGOBGSA-N,CC(C)CCOC(=O)/C=C/c1ccccc1,0.1906883545497407,0
QQBPLXNESPTPNU-KTKRTIGZSA-N,CCCCCCCC/C=C\CCCCCCCC(=O)NCCc1ccc(O)c(O)c1,0.495049504950495,0
SPHRJZBOFYIKMC-UHFFFAOYSA-N,C#CCOC(=O)C1=CCCN(C)C1,0.1159240924092409,0
QBDSZLJBMIMQRS-UHFFFAOYSA-N,CC(C)(c1ccccc1)c1ccc(O)cc1,0.5350660066006601,1
VFIDUCMKNJIJTO-UHFFFAOYSA-N,Cc1ccc(OCC(O)C(C)NC(C)C)c2c1CCC2,0.6856435643564357,1
QNBCPLWFVGLFHO-CYBMUJFWSA-N,CN1CCc2cc(O)cc3c2[C@H]1Cc1ccc(O)c(O)c1-3,0.3915016501650165,0
MTZVJHSZYMWIAG-UHFFFAOYSA-N,CCS(=O)(=O)Nc1cccc(C(=C2CCCCC2)c2c[nH]cn2)c1,0.5132013201320133,1
QDKUSZZMIFQVPN-UHFFFAOYSA-N,Oc1ccc(C2CNCc3sccc32)cc1O,0.2079207920792079,0
VEORPZCZECFIRK-UHFFFAOYSA-N,CC(C)(c1cc(Br)c(O)c(Br)c1)c1cc(Br)c(O)c(Br)c1,0.2945544554455445,0
BYGXICRJQZKUPA-UHFFFAOYSA-N,NC(=O)CNCCC(c1ccccc1)c1ccccc1,0.4995874587458745,0
ACIMRXKJKQGBGL-UHFFFAOYSA-N,NCCNS(=O)(=O)c1cccc2c(Cl)cccc12,0.5346534653465347,1
MQNYRKWJSMQECI-QFIPXVFZSA-N,CC[C@H](NC(=O)c1c(C)c(-c2ccccc2)nc2ccccc12)c1ccccc1,0.4224422442244225,0
AKXCFAYOTIEFOH-XTNAHFASSA-N,C=CCN1CC[C@]23c4c5ccc(O)c4O[C@H]2/C(=N/NC(=O)c2ccccc2)CC[C@@]3(O)[C@H]1C5,0.3783003300330032,0
TUCIOBMMDDOEMM-RIYZIHGNSA-N,N#C/C(=C\c1ccc(O)c(O)c1)C(=O)NCc1ccccc1,0.1732673267326732,0
AAALVYBICLMAMA-UHFFFAOYSA-N,O=C1NC(=O)c2cc(Nc3ccccc3)c(Nc3ccccc3)cc21,0.4678217821782178,0
AGKRHAILCPYNFH-DUQSFWPASA-N,CCCCCCCCCCC/C=C\C(C)(C)/C=C\CCCC(=O)O,0.4381188118811881,0
AFZSMODLJJCVPP-UHFFFAOYSA-N,c1ccc2sc(SSc3nc4ccccc4s3)nc2c1,0.396039603960396,0
LCFVJGUPQDGYKZ-UHFFFAOYSA-N,CC(C)(c1ccc(OCC2CO2)cc1)c1ccc(OCC2CO2)cc1,0.7541254125412542,1
GFIPROCAVXFHHK-VOTSOKGWSA-N,Cc1ccccc1/C=C/C1=NCCN1,0.2376237623762375,0
YNNUSGIPVFPVBX-UHFFFAOYSA-N,CN1CCCC1CCOC(C)(c1ccccc1)c1ccc(Cl)cc1,0.9603960396039604,1
WZUVPPKBWHMQCE-CJNGLKHVSA-N,Oc1cc2c(cc1O)[C@H]1c3ccc(O)c(O)c3OC[C@@]1(O)C2,0.2029702970297029,0
AOOSJYIINXVNHV-UHFFFAOYSA-N,CCCCN1CCC(COC(=O)c2cc(Cl)c(N)c3c2OCCO3)CC1,0.7029702970297029,1
BYUCSFWXCMTYOI-ZRDIBKRKSA-N,O=C1O/C(=C/Br)CCC1c1cccc2ccccc12,0.7821782178217822,1
VMMDOCYDNRLESP-UHFFFAOYSA-N,CC(=O)Nc1ccc(C(=O)CCl)cc1,0.0783828382838283,0
PCTRYMLLRKWXGF-UHFFFAOYSA-N,CCCCNc1c(C(=O)OCC)c(C)nc2c1cnn2CC,0.5354785478547854,1
GPAPPPVRLPGFEQ-UHFFFAOYSA-N,O=S(=O)(c1ccc(Cl)cc1)c1ccc(Cl)cc1,0.9174917491749174,1
DRCMAZOSEIMCHM-UHFFFAOYSA-N,Oc1cc2c(cc1O)CN(C(=S)NCCc1ccc(Cl)cc1)CCC2,0.5420792079207921,1
LSIKFJXEYJIZNB-UHFFFAOYSA-N,O=[N+]([O-])c1c2ccccc2cc2ccccc12,0.7367986798679869,1
FFUBTEITUNMMOK-NXVVXOECSA-N,C/N=c1/nc(-c2ccccc2)n(-c2ccccc2)s1,0.4900990099009901,0
UAIYNMRLUHHRMF-AATRIKPKSA-N,CC(/C=C/c1cccc(Oc2ccc(F)cc2)c1)N(O)C(N)=O,0.3094059405940594,0
AQHHHDLHHXJYJD-CQSZACIVSA-N,CC(C)NC[C@@H](O)COc1cccc2ccccc12,0.4584158415841583,0
YFCDLVPYFMHRQZ-UHFFFAOYSA-N,O=NN(CCO)CCO,0.1465582272512965,0
QJQORSLQNXDVGE-UHFFFAOYSA-N,Cn1ccc2cc3c(cc21)CCN3C(=O)Nc1cccnc1,0.3391089108910891,0
XQLWNAFCTODIRK-UHFFFAOYSA-N,COc1ccc(CCN(C)CCCC(C#N)(c2cc(OC)c(OC)c(OC)c2)C(C)C)cc1OC,0.9851485148514852,1
WFLHEXUTTRRXFJ-UHFFFAOYSA-N,CC(C)Oc1cccnc1N(C)C1CCN(Cc2ccccc2)CC1,0.7599009900990099,1
DXDRHHKMWQZJHT-FPYGCLRLSA-N,O=C(/C=C/c1ccc(O)cc1)c1ccc(O)cc1O,0.1584158415841584,0
IUMQXQJZIHWLIN-HSZRJFAPSA-N,COC(=O)[C@H](NC(=O)c1cc(-c2ccccc2)nc2ccccc12)c1ccccc1,0.3294554455445544,0
SMANXXCATUTDDT-QPJJXVBHSA-N,Fc1ccc(C(c2ccc(F)cc2)N2CCN(C/C=C/c3ccccc3)CC2)cc1,0.9554455445544554,1
FRCCEHPWNOQAEU-UHFFFAOYSA-N,ClC1=C(Cl)C2(Cl)C3C(Cl)C=CC3C1(Cl)C2(Cl)Cl,0.3056930693069307,0
RTHCYVBBDHJXIQ-INIZCTEOSA-N,CNCC[C@H](Oc1ccc(C(F)(F)F)cc1)c1ccccc1,1.0,1
UAKWLVYMKBWHMX-PTNGSMBKSA-N,CN(C)c1ccc(/C=C2\C(=O)Nc3ccccc32)cc1,0.6683168316831684,1
JUUFBMODXQKSTD-UHFFFAOYSA-N,CCOC(=O)Nc1ccc(NCc2ccc(F)cc2)nc1N,0.3491867043847241,0
HXCNRYXBZNHDNE-UHFFFAOYSA-N,Cc1nc2ccccn2c(=O)c1CCN1CCC(C(=O)c2ccc(F)cc2)CC1,0.6783828382838283,1
GOMAKLPNAAZVCJ-UHFFFAOYSA-N,CCOC(=O)C1OC1c1ccccc1,0.2541371994342291,0
SMEROWZSTRWXGI-HVATVPOCSA-N,C[C@H](CCC(=O)O)[C@H]1CC[C@H]2[C@@H]3CC[C@@H]4C[C@H](O)CC[C@]4(C)[C@H]3CC[C@]12C,0.3378712871287129,0
UTGQNNCQYDRXCH-UHFFFAOYSA-N,c1ccc(Nc2ccc(Nc3ccccc3)cc2)cc1,0.7846534653465347,1
JNRLEMMIVRBKJE-UHFFFAOYSA-N,CN(C)c1ccc(Cc2ccc(N(C)C)cc2)cc1,0.8696369636963698,1
ZZJYIKPMDIWRSN-HWBMXIPRSA-N,CC(C)(C)[C@]1(O)CCN2C[C@H]3c4ccccc4CCc4cccc(c43)[C@@H]2C1,0.6089108910891089,1
CTKNMSVWMRRCPW-UHFFFAOYSA-N,Clc1ccc(C(c2ccc(Cl)cc2)[n+]2ccn(CC(OCc3ccc(Cl)cc3Cl)c3ccc(Cl)cc3Cl)c2)cc1,0.9400990099009902,1
AAFXQFIGKBLKMC-KQQUZDAGSA-N,O=C(O)/C=C/c1ccc(/C=C/C(=O)O)cc1,0.0907590759075907,0
XRZYELWZLNAXGE-KPKJPENVSA-N,CC(C)(C)c1cc(/C=C(\C#N)C(N)=S)cc(C(C)(C)C)c1O,0.2524870344177274,0
BXIXXXYDDJVHDL-UHFFFAOYSA-N,Nc1ccc(Cl)cc1N,0.2146864686468647,0
BFNCJMURTMZBTE-UHFFFAOYSA-N,CCc1cccc(N(C)C(=N)Nc2cccc3ccccc23)c1,0.6031353135313531,1
QDERNBXNXJCIQK-UHFFFAOYSA-N,CCN(c1nc(N)c(C(=O)NC(=N)N)nc1Cl)C(C)C,0.2533003300330033,0
KNADXBVKFAUMCR-UHFFFAOYSA-N,CCCN(CC1CC1)c1nc(C)nc(Nc2c(Cl)cc(Cl)cc2Cl)c1Cl,0.7376237623762376,1
KEQFTVQCIQJIQW-UHFFFAOYSA-N,c1ccc(Nc2ccc3ccccc3c2)cc1,0.7180693069306929,1
GUUHFMWKWLOQMM-NTCAYCPXSA-N,CCCCCC/C(C=O)=C\c1ccccc1,0.5251650165016502,1
QNGVNLMMEQUVQK-UHFFFAOYSA-N,CCN(CC)c1ccc(N)cc1,0.2971947194719472,0
MTBYTWZDRVOMBR-UHFFFAOYSA-N,O=[N+]([O-])c1cc(Cl)c(Cl)c(Cl)c1Cl,0.2915841584158415,0
HTHGAIADRJRJOY-SNVBAGLBSA-N,Brc1ccc([C@H]2CN3CCSC3=N2)cc1,0.3032178217821782,0
XQVWYOYUZDUNRW-UHFFFAOYSA-N,c1ccc(Nc2cccc3ccccc23)cc1,0.7180693069306929,1
MBMQEIFVQACCCH-QBODLPLBSA-N,C[C@H]1CCCC(=O)CCC/C=C/c2cc(O)cc(O)c2C(=O)O1,0.3242574257425742,0
LHHGDZSESBACKH-UHFFFAOYSA-N,O=C1C2(Cl)C3(Cl)C4(Cl)C(Cl)(Cl)C5(Cl)C3(Cl)C1(Cl)C5(Cl)C24Cl,0.0916391639163916,0
PXWNBAGCFUDYBE-UHFFFAOYSA-N,Nc1ccccc1C(=O)OCCc1ccccc1,0.5541254125412541,1
ZZMVLMVFYMGSMY-UHFFFAOYSA-N,CC(C)CC(C)Nc1ccc(Nc2ccccc2)cc1,0.7673267326732673,1
PXMNMQRDXWABCY-UHFFFAOYSA-N,CC(C)(C)C(O)(CCc1ccc(Cl)cc1)Cn1cncn1,0.5886138613861387,1
VADSDVGLFDVIMG-UHFFFAOYSA-N,CCCCCCc1ccc(-c2ccc(C#N)cc2)cc1,0.9702970297029704,1
SPSSDDOTEZKOOV-UHFFFAOYSA-N,Clc1nc2ccccc2nc1Cl,0.3044554455445544,0
HZEVDVGPBUFIAW-JKHIJQBDSA-N,CCCCN1[C@@H]2CC[C@H]1C[C@@H](OC(c1ccc(F)cc1)c1ccc(F)cc1)C2,0.8923267326732673,1
ISEHJSHTIVKELA-UHFFFAOYSA-N,CC(C)NC(C)Cc1ccc(I)cc1,0.3618576143328619,0
RMBFBMJGBANMMK-UHFFFAOYSA-N,Cc1ccc([N+](=O)[O-])cc1[N+](=O)[O-],0.1975247524752475,0
JPIYZTWMUGTEHX-UHFFFAOYSA-N,CN(C)c1ccc(C(=N)c2ccc(N(C)C)cc2)cc1,0.5576732673267326,1
BXCBUWKTXLWPSB-UHFFFAOYSA-N,O=[N+]([O-])c1ccccc1CCl,0.1881188118811881,0
RVFIAQAAZUEPPE-UHFFFAOYSA-N,COc1cc(N)c(Cl)cc1C(=O)OCCN1CCCCC1,0.5989686468646864,1
YKYOQIXTECBVBB-AWEZNQCLSA-N,CCOC(=O)c1ncn2c1[C@@H]1CCCN1C(=O)c1cc(OC)ccc1-2,0.2893564356435644,0
XWHHYOYVRVGJJY-QMMMGPOBSA-N,N[C@@H](Cc1ccc(F)cc1)C(=O)O,0.1633663366336633,0
KEECCEWTUVWFCV-UHFFFAOYSA-N,CCN(CC)CCNC(=O)c1ccc(NC(C)=O)cc1,0.0643564356435643,0
PDMUULPVBYQBBK-UHFFFAOYSA-N,CCCCOc1cc(CC2CNC(=O)N2)ccc1OC,0.7310231023102312,1
YONZEVQTIYSTAP-UHFFFAOYSA-N,Cc1cccc(C)c1OCC(N)C(C)C,0.166006600660066,0
WSLTYZVXORBNLB-UHFFFAOYSA-N,Ic1ccccc1CNC1C2CCN(CC2)C1C(c1ccccc1)c1ccccc1,0.8094059405940595,1
NCYCYZXNIZJOKI-HWCYFHEPSA-N,CC1=C(/C=C/C(C)=C/C=C/C(C)=C\C=O)C(C)(C)CCC1,0.2396039603960396,0
XGWATTXMMMANFJ-UHFFFAOYSA-N,CC(C)(C=O)Cc1cc(C(C)(C)C)c(O)c(C(C)(C)C)c1,0.2412541254125412,0
LCCNCVORNKJIRZ-UHFFFAOYSA-N,CCOP(=S)(OCC)Oc1ccc([N+](=O)[O-])cc1,0.4320957095709571,0
UMPSXRYVXUPCOS-UHFFFAOYSA-N,Oc1cccc(Cl)c1Cl,0.2122112211221122,0
UVYVLBIGDKGWPX-XJVHMSFUSA-N,C[C@@H]1CC[C@@]2(OC1)O[C@H]1[C@@H](O)[C@H]3[C@@H]4CC[C@H]5C[C@@H](O[C@@H]6O[C@H](CO)[C@H](O[C@@H]7O[C@H](CO)[C@@H](O)[C@H](O[C@@H]8OC[C@@H](O)[C@H](O)[C@H]8O)[C@H]7O[C@@H]7O[C@H](CO)[C@@H](O)[C@H](O[C@@H]8O[C@H](CO)[C@@H](O)[C@H](O)[C@H]8O)[C@H]7O)[C@H](O)[C@H]6O)[C@H](O)C[C@]5(C)[C@H]4CC[C@]3(C)[C@H]1[C@@H]2C,0.5070957095709571,1
VGEREEWJJVICBM-UHFFFAOYSA-N,O=C(CCc1ccc(O)cc1)c1c(O)cc(O)cc1O,0.2957920792079208,0
PEWVMQDYYUSPRM-UHFFFAOYSA-N,c1ccc2c(c1)[IH]c1ccccc1-2,0.6864686468646864,1
YXOLAZRVSSWPPT-UHFFFAOYSA-N,O=c1c(O)c(-c2ccc(O)cc2O)oc2cc(O)cc(O)c12,0.0297029702970297,0
LXFHSCDLMBZYKY-UHFFFAOYSA-N,CN1CCN(c2nc3cc(C(F)(F)F)ccc3n3cccc23)CC1,0.6076732673267327,1
GZQHTWYWDSMEAW-UHFFFAOYSA-N,COc1ccccc1N1CCN(CCCCNS(=O)(=O)c2cccc3c(N(C)C)cccc23)CC1,0.5198019801980198,1
ZQTVCQIJTREKSP-UHFFFAOYSA-N,CCC(=O)c1ccc2c(c1)N(CCCN(C)C)c1ccccc1S2,0.6173385195662424,1
VUWXAQFLTSBUDB-UHFFFAOYSA-N,CCCCCCN(CCCCCC)C(=O)Cc1c(-c2ccc(F)cc2)[nH]c2ccccc12,0.7727015558698728,1
IWRVPXDHSLTIOC-NXVVXOECSA-N,Nc1ccc(/N=N\c2ccccc2)c(N)c1,0.3741749174917491,0
UCNVFOCBFJOQAL-UHFFFAOYSA-N,ClC(Cl)=C(c1ccc(Cl)cc1)c1ccc(Cl)cc1,0.6617161716171617,1
IAKOZHOLGAGEJT-UHFFFAOYSA-N,COc1ccc(C(c2ccc(OC)cc2)C(Cl)(Cl)Cl)cc1,0.7965346534653466,1
LOGJQOUIVKBFGH-YBEGLDIGSA-N,CN(C)S(=O)(=O)c1ccc2c(c1)/C(=C/c1cc3c([nH]1)CCCC3)C(=O)N2,0.3399339933993399,0
RINPELQWLUGERM-UHFFFAOYSA-N,CCCCOC(=O)NS(=O)(=O)c1sc(CC(C)C)cc1-c1ccc(Cn2c(CC)nc3c(C)cc(C)nc32)cc1,0.5433168316831684,1
KXDROGADUISDGY-UHFFFAOYSA-N,N/C(=N\C(=O)c1nc(Cl)c(N)nc1N)NCc1ccccc1,0.2211221122112211,0
BLGXFZZNTVWLAY-DIRVCLHFSA-N,COC(=O)[C@H]1[C@H]2C[C@H]3c4[nH]c5ccccc5c4CCN3C[C@H]2CC[C@@H]1O,0.3927392739273927,0
VFLDPWHFBUODDF-FCXRPNKRSA-N,COc1cc(/C=C/C(=O)CC(=O)/C=C/c2ccc(O)c(OC)c2)ccc1O,0.7607260726072607,1
SUAUILGSCPYJCS-UHFFFAOYSA-N,COc1c(C(C)(C)C)cc([N+](=O)[O-])c(C)c1[N+](=O)[O-],0.2445544554455445,0
HWKROQUZSKPIKQ-MRXNPFEDSA-N,CC1CCN(CC[C@H]2CCCN2S(=O)(=O)c2cccc(O)c2)CC1,0.3943894389438944,0
LYIXDMRSDTZYCF-NYYWCZLTSA-N,COc1ccc(NC(=O)/C=C/c2ccc(Cl)cc2)cc1,0.4034653465346535,0
DEYFWGXTPWNADC-UHFFFAOYSA-N,CCCN(CCc1ccccc1)C1CCc2c(O)cccc2C1,0.7834158415841584,1
MXYUKLILVYORSK-HBMCJLEFSA-N,CN1[C@@H](CC(=O)c2ccccc2)CCC[C@H]1C[C@H](O)c1ccccc1,0.8118811881188119,1
XJCLWVXTCRQIDI-UHFFFAOYSA-N,C=C(Cl)CSC(=S)N(CC)CC,0.1955917020273456,0
XXUNIGZDNWWYED-UHFFFAOYSA-N,Cc1ccccc1C(N)=O,0.0445544554455445,0
JCSGFHVFHSKIJH-UHFFFAOYSA-N,Cn1cc(C2=C(c3ccc(Cl)cc3Cl)C(=O)NC2=O)c2ccccc21,0.6485148514851485,1
NCYCYZXNIZJOKI-OVSJKPMPSA-N,CC1=C(/C=C/C(C)=C/C=C/C(C)=C/C=O)C(C)(C)CCC1,0.2396039603960396,0
MZOPWQKISXCCTP-UHFFFAOYSA-N,CC(C)(C)c1cc(C=C(C#N)C#N)cc(C(C)(C)C)c1O,0.3199669966996699,0
YBQZXXMEJHZYMB-UHFFFAOYSA-N,c1ccc(NNc2ccccc2)cc1,0.3572607260726072,0
ANUSOIHIIPAHJV-UHFFFAOYSA-N,Oc1ccc(Cl)cc1Sc1cc(Cl)ccc1O,0.5924092409240924,1
BLYMJBIZMIGWFK-OAHLLOKOSA-N,CCCN(CCC)[C@@H]1CCc2ccc(O)cc2C1,0.4401815181518152,0
OEJNXTAZZBRGDN-UHFFFAOYSA-N,C=C1C(CCl)(CCl)C2(Cl)C(Cl)C(Cl)C1(Cl)C2(Cl)Cl,0.2829207920792079,0
JJAWGNIQEOFURP-UHFFFAOYSA-N,O=c1ccc2c(OCCCCc3ccccc3)c3ccoc3cc2o1,0.9504950495049505,1
ALFGDCNSEBJYSP-UHFFFAOYSA-N,CC(N)Cc1c[nH]c2ccc(OCc3cccs3)cc12,0.4451320132013202,0
QDYTUZCWBJRHKK-UHFFFAOYSA-N,OCc1c[nH]cn1,0.0641089108910891,0
BDNKZNFMNDZQMI-UHFFFAOYSA-N,CC(C)N=C=NC(C)C,0.1567656765676567,0
BYYQYXVAWXAYQC-IBGZPJMESA-N,CC(=O)N[C@@H](Cc1c[nH]c2ccccc12)C(=O)OCc1cc(C(F)(F)F)cc(C(F)(F)F)c1,0.5321782178217822,1
LJDRQPOQHHOXHM-HIFRSBDPSA-N,CCCN1CC[C@@H]2c3cc(O)ccc3CC[C@@H]21,0.3391089108910891,0
OUBMGJOQLXMSNT-UHFFFAOYSA-N,CC(C)Nc1ccc(Nc2ccccc2)cc1,0.6988448844884488,1
HLVVITIHAZBPKB-UHFFFAOYSA-N,Nc1c2c(nc3ccccc13)CCCC2O,0.4727722772277227,0
QNLZIZAQLLYXTC-UHFFFAOYSA-N,Cc1ccc2ccccc2c1C,0.7603135313531352,1
IRIAEXORFWYRCZ-UHFFFAOYSA-N,CCCCOC(=O)c1ccccc1C(=O)OCc1ccccc1,0.4372937293729373,0
DQCKKXVULJGBQN-FOCMDNRUSA-N,O=C1CC[C@@]2(O)C3Cc4ccc(O)c5c4C2(CCN3CC2CC2)[C@H]1O5,0.3292079207920792,0
YDBCEBYHYKAFRX-UHFFFAOYSA-N,COc1ccc(NC(=O)c2ccc(-c3ccc(-c4noc(C)n4)cc3C)cc2)cc1N1CCN(C)CC1,0.594059405940594,1
NGNALWDRPKNJGR-UHFFFAOYSA-N,O=C(O)C1=CCCN(CCON=C(c2ccccc2)c2ccccc2)C1,0.4092409240924092,0
JYCQQPHGFMYQCF-UHFFFAOYSA-N,CC(C)(C)CC(C)(C)c1ccc(OCCO)cc1,0.3423267326732673,0
ZQBAKBUEJOMQEX-UHFFFAOYSA-N,O=C(Oc1ccccc1)c1ccccc1O,0.3094059405940594,0
CVUGPAFCQJIYDT-UHFFFAOYSA-N,Clc1ccc(C(c2ccccc2Cl)C(Cl)(Cl)Cl)cc1,0.9603960396039604,1
UGNWTBMOAKPKBL-UHFFFAOYSA-N,O=C1C(Cl)=C(Cl)C(=O)C(Cl)=C1Cl,0.2611386138613861,0
PTGXAUBQBSGPKF-UHFFFAOYSA-N,CC(CCc1ccccc1)NC(C)C(O)c1ccc(O)cc1,0.4438943894389439,0
FMETVQKSDIOGPX-UHFFFAOYSA-N,Nc1ncnc2c1c(-c1ccc(Oc3ccccc3)cc1)cn2C1CCCC1,0.7392739273927393,1
SGDBTWWWUNNDEQ-UHFFFAOYSA-N,NC(Cc1ccc(N(CCCl)CCCl)cc1)C(=O)O,0.3267326732673267,0
GAUZCKBSTZFWCT-BUHFOSPRSA-N,[O-]/[N+](=N/c1ccccc1)c1ccccc1,0.30005500550055,0
PNVJTZOFSHSLTO-UHFFFAOYSA-N,COP(=S)(OC)Oc1ccc(SC)c(C)c1,0.2742574257425742,0
OYHLRJGDELITAF-INIZCTEOSA-N,O=C(N[C@@H](Cc1ccccc1)C(=O)CCl)OCc1ccccc1,0.3675742574257425,0
VUNCWTMEJYMOOR-UHFFFAOYSA-N,ClC1=C(Cl)C(Cl)(Cl)C(Cl)=C1Cl,0.2198019801980198,0
BLYMJBIZMIGWFK-UHFFFAOYSA-N,CCCN(CCC)C1CCc2ccc(O)cc2C1,0.4401815181518152,0
ZUOUZKKEUPVFJK-UHFFFAOYSA-N,c1ccc(-c2ccccc2)cc1,0.3424092409240923,0
HSQFVBWFPBKHEB-UHFFFAOYSA-N,Oc1ccc(Cl)c(Cl)c1Cl,0.2037953795379538,0
DKGZKTPJOSAWFA-UHFFFAOYSA-N,O=C(CCCN1CCC2(CC1)C(=O)NCN2c1ccccc1)c1ccc(F)cc1,0.6584158415841584,1
XYBSIYMGXVUVGY-UHFFFAOYSA-N,Brc1ccc(Oc2ccc(Br)cc2Br)c(Br)c1,0.5688943894389439,1
GQEVYCCMYUNRHJ-UHFFFAOYSA-N,O=[N+]([O-])C(Br)Br,0.1237623762376237,0
UGBJGGRINDTHIH-UHFFFAOYSA-N,O=S(=O)(O)C1CCNCC1,0.191089108910891,0
XOMRRQXKHMYMOC-UHFFFAOYSA-O,CCCCCCCCCCCCCCCC(=O)OC(CC(=O)O)C[N+](C)(C)C,0.1944306930693069,0
JUVIOZPCNVVQFO-HBGVWJBISA-N,C=C(C)[C@H]1Cc2c(ccc3c2O[C@@H]2COc4cc(OC)c(OC)cc4[C@@H]2C3=O)O1,0.2495049504950495,0
BTFHLQRNAMSNLC-UHFFFAOYSA-N,C#CCN(C)CCCOc1ccc(Cl)cc1Cl,0.849009900990099,1
WVZSEUPGUDIELE-HTAPYJJXSA-N,C[C@@H](CN1CCC(Cc2ccccc2)CC1)[C@@H](O)c1ccc(O)cc1,0.6467821782178217,1
AEMFNILZOJDQLW-QAGGRKNESA-N,C[C@]12CCC(=O)C=C1CC[C@@H]1[C@@H]2CC[C@]2(C)C(=O)CC[C@@H]12,0.247029702970297,0
NFGXHKASABOEEW-LDRANXPESA-N,COC(C)(C)CCCC(C)C/C=C/C(C)=C/C(=O)OC(C)C,0.2643800094295144,0
IPAJDLMMTVZVPP-UHFFFAOYSA-N,CN(C)c1ccc(C2(c3ccc(N(C)C)cc3)OC(=O)c3cc(N(C)C)ccc32)cc1,0.6196369636963697,1
FXAIVMYRMNONEG-UHFFFAOYSA-N,O=C(Nc1cc(C(=O)Nc2ccc(S(=O)(=O)O)cc2S(=O)(=O)O)cc(C(=O)Nc2ccc(S(=O)(=O)O)cc2S(=O)(=O)O)c1)Nc1cc(C(=O)Nc2ccc(S(=O)(=O)O)cc2S(=O)(=O)O)cc(C(=O)Nc2ccc(S(=O)(=O)O)cc2S(=O)(=O)O)c1,0.5,0
QJHCTHPYUOXOGM-UHFFFAOYSA-N,OC(CN1CCN(c2cccc(Cl)c2)CC1)C(c1ccccc1)c1ccccc1,0.7715700141442716,1
UPMLOUAZCHDJJD-UHFFFAOYSA-N,O=C=Nc1ccc(Cc2ccc(N=C=O)cc2)cc1,0.7797029702970297,1
KIIVFWSIMRWBKW-UHFFFAOYSA-N,CC(C)COC(=O)COc1cc(Cl)c(Cl)cc1Cl,0.3262376237623762,0
GLKCOBIIZKYKFN-UHFFFAOYSA-N,Nc1nc2[nH]c(=O)cnc2c(=O)[nH]1,0.0556930693069306,0
ALIFPGGMJDWMJH-UHFFFAOYSA-N,c1ccc(/N=N/Nc2ccccc2)cc1,0.375082508250825,0
FCDRFVCGMLUYPG-ROUUACIJSA-N,FC(F)(F)c1cc(CO[C@H]2CCCN[C@H]2c2ccccc2)cc(C(F)(F)F)c1,0.7326732673267327,1
QAUVAHYHKLRJCQ-UHFFFAOYSA-N,COc1cccc(OC)c1OCCNCC1CSc2ccccc2O1,0.7160066006600658,1
ZYIBVBKZZZDFOY-UHFFFAOYSA-N,O=C1OC2(c3cc(Br)c(O)c(Br)c3Oc3c2cc(Br)c(O)c3Br)c2c(Cl)c(Cl)c(Cl)c(Cl)c21,0.0915841584158415,0
YGKPIROTKVQCCU-UHFFFAOYSA-N,O=C(OCCN1CCCCC1)c1c[nH]c2ccccc12,0.4833745874587458,0
GSQOBTOAOGXIFL-LFIBNONCSA-N,N#C/C(=C\c1ccc(O)c(O)c1)C(=O)NCCCc1ccccc1,0.2483498349834983,0
UAWVRVFHMOSAPU-UHFFFAOYSA-N,O=C(O)c1cc(=O)c2ccc(Cl)cc2[nH]1,0.1778052805280528,0
YEWGIGCYIAMFMA-UHFFFAOYSA-N,CN1CCc2ccccc2Cc2[nH]c3ccccc3c2CC1,0.8244224422442245,1
UCTWMZQNUQWSLP-UHFFFAOYSA-N,CNCC(O)c1ccc(O)c(O)c1,0.043069306930693,0
DZUOQMBJJSBONO-CQSZACIVSA-N,COc1ccc2c(c1O)-c1cccc3c1[C@@H](C2)N(C)CC3,0.7623762376237624,1
IPKKHRVROFYTEK-UHFFFAOYSA-N,CCCCCOC(=O)c1ccccc1C(=O)OCCCCC,0.3877887788778877,0
ATQMRMGXINTJHV-UHFFFAOYSA-N,Cc1nc(-c2ccc(-c3ccc(C(=O)N4CCc5cc6c(cc54)C4(CCN(C)CC4)CO6)cc3)c(C)c2)no1,0.5717821782178217,1
RHMXXJGYXNZAPX-UHFFFAOYSA-N,Cc1cc(O)c2c(c1)C(=O)c1cc(O)cc(O)c1C2=O,0.1435643564356435,0
GKJZEKSHCJELPL-UHFFFAOYSA-N,Cn1cc(C(F)(F)F)nc1-c1ccc(OCC(O)CNCCOc2ccc(O)c(C(N)=O)c2)cc1,0.4443069306930692,0
ILNSWVUXAPSPEH-USXIJHARSA-N,COc1ccc2c(c1)[C@@]13CCCC[C@H]1[C@@H](C2)NCC3,0.754950495049505,1
ODQWQRRAPPTVAG-GZTJUZNOSA-N,CN(C)CC/C=C1\c2ccccc2COc2ccccc21,0.9702970297029704,1
UEQUQVLFIPOEMF-UHFFFAOYSA-N,CN1CCN2c3ccccc3Cc3ccccc3C2C1,0.5167373880245167,1
XMNIXWIUMCBBBL-UHFFFAOYSA-N,CC(C)(OOC(C)(C)c1ccccc1)c1ccccc1,0.4787482319660537,0
SUGXUUGGLDCZKB-UHFFFAOYSA-N,O=c1oc(Cl)c(Cl)c2ccccc12,0.4900990099009901,0
RTHCYVBBDHJXIQ-MRXNPFEDSA-N,CNCC[C@@H](Oc1ccc(C(F)(F)F)cc1)c1ccccc1,1.0,1
BZORFPDSXLZWJF-UHFFFAOYSA-N,CN(C)c1ccc(N)cc1,0.0801980198019802,0
CMVQZRLQEOAYSW-UHFFFAOYSA-N,O=[N+]([O-])c1cccc(Cl)c1Cl,0.2821782178217821,0
SBPBAQFWLVIOKP-UHFFFAOYSA-N,CCOP(=S)(OCC)Oc1nc(Cl)c(Cl)cc1Cl,0.4735973597359735,0
SAIKULLUBZKPDA-UHFFFAOYSA-N,CCCCC(CC)CNCC(CC)CCCC,0.5346534653465347,1
QHCCDDQKNUYGNC-UHFFFAOYSA-N,CCCCNCC,0.5,0
BTGAJCKRXPNBFI-OAHLLOKOSA-N,CCCN1CCc2cccc3c2[C@H]1Cc1ccc(O)c(O)c1-3,0.6031353135313531,1
OTKJDMGTUTTYMP-MSOLQXFVSA-N,CCCCCCCCCCCCCCC[C@H](O)[C@H](N)CO,0.4026402640264026,0
WHPVYXDFIXRKLN-UHFFFAOYSA-N,Brc1ccc(Oc2cc(Br)c(Br)cc2Br)c(Br)c1,0.3543729372937294,0
DFBKLUNHFCTMDC-UHFFFAOYSA-N,ClC1=C(Cl)C2(Cl)C3C4CC(C5OC45)C3C1(Cl)C2(Cl)Cl,0.3667491749174917,0
HFHFPCVDUCBNLG-UHFFFAOYSA-N,NC(=O)c1ccc(OCC(O)CN2CC=C(c3ccc(F)cc3)CC2)cc1,0.5148514851485149,1
OSHKWEFWXCCNJR-UHFFFAOYSA-N,N/C(=N\C(=O)c1nc(Cl)c(N)nc1N)NCc1ccc(Cl)c(Cl)c1,0.3292079207920792,0
WKNFADCGOAHBPG-UHFFFAOYSA-N,CN1CCC(c2c[nH]c3ccc(O)cc23)CC1,0.4245049504950494,0
PMYJGTWUVVVOFO-UHFFFAOYSA-N,N#Cc1c(-c2ccccc2)no[n+]1[O-],0.2082508250825082,0
TUFADSGTJUOBEH-ZWNOBZJWSA-N,CCCN1CCC[C@@H]2Cc3nc(N)ncc3C[C@H]21,0.4323432343234324,0
WJFKNYWRSNBZNX-UHFFFAOYSA-N,c1ccc2c(c1)Nc1ccccc1S2,0.698019801980198,1
IBOFVQJTBBUKMU-UHFFFAOYSA-N,Nc1ccc(Cc2ccc(N)c(Cl)c2)cc1Cl,0.6034653465346534,1
RVIUMPLAOXSSGN-UHFFFAOYSA-N,CC(C)CN(C)c1nc(N)c(C(=O)N=C(N)N)nc1Cl,0.1858793022159359,0
DCVZSHVZGVWQKV-UHFFFAOYSA-N,NCCNS(=O)(=O)c1cccc2cnccc12,0.349009900990099,0
KBSPJIWZDWBDGM-UHFFFAOYSA-N,Cc1ccc2ccc3cccc4ccc1c2c34,0.754950495049505,1
FZSPJBYOKQPKCD-UHFFFAOYSA-N,CC(N)C(=O)OC(C)(C)Cc1ccc(Cl)cc1,0.3663366336633663,0
GEHJIACZUFWBTK-UHFFFAOYSA-N,O=S(=O)(c1cccc2c(I)cccc12)N1CCCNCC1,0.6386138613861386,1
GJGHBJCMOWRRSZ-UHFFFAOYSA-N,CCC(Cl)CC(Cl)C(Cl)C(Cl)C(Cl)C(C)Cl,0.2379537953795379,0
SSMIFVHARFVINF-UHFFFAOYSA-N,Nc1ccc2c3c(cccc13)C(=O)NC2=O,0.2103960396039604,0
PKJBWOWQJHHAHG-UHFFFAOYSA-N,Brc1ccc(-c2ccccc2)cc1,0.6287128712871287,1
WZHJKEUHNJHDLS-QTGUNEKASA-N,CN1C[C@H](CNC(=O)OCc2ccccc2)C[C@@H]2c3cccc4c3c(cn4C)C[C@H]21,0.7326732673267327,1
XLWJPQQFJNGUPA-UHFFFAOYSA-N,CC(C)(CO)Cc1cc(C(C)(C)C)c(O)c(C(C)(C)C)c1,0.3047265440829796,0
ITJNARMNRKSWTA-UHFFFAOYSA-N,CNCCC(Oc1ccccc1OC)c1ccccc1,0.8267326732673267,1
KTADSLDAUJLZGL-UHFFFAOYSA-N,Brc1ccccc1-c1ccccc1,0.504950495049505,1
IOVGROKTTNBUGK-SJKOYZFVSA-N,C[C@@H](NCCc1ccc(O)cc1)[C@@H](O)c1ccc(O)cc1,0.5321782178217822,1
ZTVIKZXZYLEVOL-MCOXGKPRSA-N,CN1[C@@H]2CC[C@H]1C[C@@H](OC(=O)C(O)c1ccccc1)C2,0.5561056105610561,1
RZXIRSKYBISPGF-UHFFFAOYSA-N,Brc1cc(Br)c(Oc2cc(Br)c(Br)cc2Br)cc1Br,0.3147689768976897,0
RQQJJXVETXFINY-UHFFFAOYSA-N,N=C(N)NC(=O)c1nc(Cl)c(N2CCCCCC2)nc1N,0.3052805280528053,0
ZSDSQXJSNMTJDA-UHFFFAOYSA-N,CCCN(CCC)c1c([N+](=O)[O-])cc(C(F)(F)F)cc1[N+](=O)[O-],0.5919966996699669,1
LMXYVLFTZRPNRV-KMKOMSMNSA-N,O=C1Nc2ccc(I)cc2/C1=C/c1cc(Br)c(O)c(Br)c1,0.3366336633663366,0
IYRMWMYZSQPJKC-UHFFFAOYSA-N,O=c1c(O)c(-c2ccc(O)cc2)oc2cc(O)cc(O)c12,0.1559405940594059,0
RUKISNQKOIKZGT-UHFFFAOYSA-N,O=[N+]([O-])c1ccccc1Nc1ccccc1,0.4108910891089108,0
ZFGLFJUKZQSCQO-UHFFFAOYSA-N,CN1CCc2c(cc(O)c(O)c2Cl)C(c2cccc(Cl)c2)C1,0.3473597359735973,0
OWRCNXZUPFZXOS-UHFFFAOYSA-N,N=C(Nc1ccccc1)Nc1ccccc1,0.1526402640264026,0
BJSDNVVWJYDOLK-UHFFFAOYSA-N,COc1ccc2c(c1)c(CC(=O)N1CCOCC1)c(C)n2C(=O)c1ccc(Cl)cc1,0.2557755775577557,0
KVDHVTQKKLVMJD-UHFFFAOYSA-O,C[N+]1(C)C2CCC1CC(OC(=O)c1c[nH]c3ccccc13)C2,0.4734559170202734,0
LMDBIYXDSSGXSI-UHFFFAOYSA-N,N#CC(Cc1ccc(O)c(O)c1)C(=O)N1CCc2ccccc21,0.3696369636963696,0
RTYBGDQNUBLFSW-ZSHKSDETSA-N,C=CCc1ccccc1OCC(O)CN[C@]1(C)CCCC(C(C)(C)NC(=O)CBr)C1,0.3613861386138614,0
ZEWQUBUPAILYHI-UHFFFAOYSA-N,CN1CCN(CCCN2c3ccccc3Sc3ccc(C(F)(F)F)cc32)CC1,0.9702970297029704,1
YCSBALJAGZKWFF-UHFFFAOYSA-N,Nc1ccc2cc3ccccc3cc2c1,0.1992574257425742,0
UYNCFCUHRNOSCN-JFGZAKSSSA-N,CCCCCCCCCC(=O)NC(CN1CCOCC1)[C@H](O)c1ccccc1,0.4742574257425742,0
YYMCVDNIIFNDJK-BEQMOXJMSA-N,Fc1cccc(/C=N/N=C/c2cccc(F)c2)c1,0.5466171617161716,1
ZNRGQMMCGHDTEI-UHFFFAOYSA-N,CN1C2CCC1CC(OC(=O)c1c[nH]c3ccccc13)C2,0.5507661480433758,1
XRYLGRGAWQSVQW-UHFFFAOYSA-N,CN1CCN(C2Cc3ccccc3Sc3ccc(Cl)cc32)CC1,0.8043729372937295,1
BOWVQLFMWHZBEF-KTKRTIGZSA-N,CCCCCCCC/C=C\CCCCCCCC(=O)NCCO,0.5148514851485149,1
OGJGQVFWEPNYSB-UHFFFAOYSA-N,Clc1ccc(N2CCN(Cc3c[nH]c4ncccc34)CC2)cc1,0.676980198019802,1
WIYUZYBFCWCCQJ-RFTKNZGOSA-N,Oc1ccc2c3c1O[C@H]1c4[nH]c5ccccc5c4C[C@@]4(O)C(C2)N(CC2CC2)CCC314,0.5321782178217822,1
BRSNNJIJEZWSBU-QZDOHJIMSA-N,Nc1nc(SCc2ccc([N+](=O)[O-])cc2)c2ncn([C@@H]3O[C@H](CO)[C@H](O)[C@H]3O)c2n1,0.3262376237623762,0
DSMNGWOUQMYTJH-DVXGCZRDSA-N,COc1ccc2c3c1O[C@H]1C(=O)CC[C@@]4(O)C(C2)N(CC2CC2)CCC314,0.344059405940594,0
FNKQXYHWGSIFBK-WVOWXROLSA-N,CC(O)[C@@H](O)[C@H]1CNc2nc(N)[nH]c(=O)c2N1,0.1445544554455445,0
IUXBQXVKCIOQKX-RYUDHWBXSA-N,CC(C)C[C@H](N)CSSC[C@@H](N)CC(C)C,0.1321782178217821,0
ZNIBIJIBEXSCNO-UHFFFAOYSA-N,CCCn1c(C)c(C(=O)c2ccc3ccccc3c2)c2ccccc21,0.4683168316831683,0
UXABARREKCJULM-UHFFFAOYSA-N,CCn1ccnc1CC1COc2ccccc2O1,0.4678217821782178,0
RIOQSEWOXXDEQQ-UHFFFAOYSA-N,c1ccc(P(c2ccccc2)c2ccccc2)cc1,0.5222772277227723,1
MOZPSIXKYJUTKI-UHFFFAOYSA-N,Cn1cc(C(=O)OCC2CCN(CCNS(C)(=O)=O)CC2)c2ccccc21,0.6188118811881188,1
KOYJWFGMEBETBU-UHFFFAOYSA-N,CCOc1ccc2nc(N)sc2c1,0.1488448844884488,0
SYLIICYFBKGBKE-PMERELPUSA-N,CC(C)c1cc(F)cc2c1C[C@](CCN(C)CCCc1nc3ccccc3[nH]1)(OC(=O)C1CC1)CC2,0.6901815181518153,1
MGSKVZWGBWPBTF-UHFFFAOYSA-N,NCCc1ccc(S(=O)(=O)F)cc1,0.461056105610561,0
LBVZWEWTNUDWNS-YRNVUSSQSA-N,COc1ccc(CNC(=O)/C=C/c2ccc3[nH]cc(CCN(C)C)c3c2)cc1,0.615924092409241,1
AJMJJYUKTZBJKQ-UHFFFAOYSA-P,Cc1cc(N)c2ccccc2[n+]1CCCCCCCCCCCCCC[n+]1c(C)cc(N)c2ccccc21,0.7817656765676567,1
MASYAWHPJCQLSW-ZIAGYGMSSA-N,CC[C@@H]1Cc2cc(O)ccc2C2=C1c1ccc(O)cc1C[C@H]2CC,0.3861386138613861,0
YJGVMLPVUAXIQN-DPUNPDONSA-N,COc1cc([C@@H]2c3cc4c(cc3[C@H](O)C3COC(=O)[C@@H]32)OCO4)cc(OC)c1OC,0.2835808580858086,0
XLNZEKHULJKQBA-UHFFFAOYSA-N,CCOP(=S)(OCC)SCSC(C)(C)C,0.2252475247524752,0
HLFSDGLLUJUHTE-UHFFFAOYSA-N,c1ccc(C2CN3CCSC3=N2)cc1,0.16006600660066,0
FVNFBBAOMBJTST-UHFFFAOYSA-N,O=C1NCC2(CCN(CCc3ccccc3)CC2)O1,0.7656765676567656,1
GPMXUUPHFNMNDH-UHFFFAOYSA-N,O=C(CCCN1CCC(O)(c2cccc(C(F)(F)F)c2)CC1)c1ccc(F)cc1,0.8367751060820366,1
UQMRAFJOBWOFNS-UHFFFAOYSA-N,CCCCOC(=O)COc1ccc(Cl)cc1Cl,0.4438354549740688,0
GJSGGHOYGKMUPT-UHFFFAOYSA-N,c1ccc2c(c1)Oc1ccccc1S2,0.6577557755775578,1
VHKZGNPOHPFPER-ONNFQVAWSA-N,CC(C)(C)c1ccc(S(=O)(=O)/C=C/C#N)cc1,0.3514851485148514,0
YAUZNKLMKRQDAM-UHFFFAOYSA-O,CNC(=O)OCC[N+](C)(C)C,0.1285007072135784,0
HJWHHQIVUHOBQN-UHFFFAOYSA-N,C=CCN1CCc2c(cc(O)c(O)c2Cl)C(c2ccccc2)C1,0.3085808580858085,0
RLJFTICUTYVZDG-UHFFFAOYSA-N,CSc1ccc2c(c1)C(N1CCN(C)CC1)Cc1ccccc1S2,0.7053630363036304,1
LLPMAOBOEQFPRE-UHFFFAOYSA-N,Cc1cc(C)cc(OP(=O)(Oc2cc(C)cc(C)c2)Oc2cc(C)cc(C)c2)c1,0.1142739273927392,0
LVSWNSHUTPWCNF-UHFFFAOYSA-N,CCn1c(=O)c2nc(-c3ccccc3)[nH]c2n(CC)c1=O,0.3943894389438943,0
NCKMMSIFQUPKCK-UHFFFAOYSA-N,Oc1ccc(Cl)cc1Cc1ccccc1,0.4756600660066006,0
JAWNWEKHDFBPSG-UHFFFAOYSA-N,N=C1N=C(N)c2cc3ccccc3cc21,0.1856435643564356,0
BGKIECJVXXHLDP-UHFFFAOYSA-N,O=[N+]([O-])c1ccc(Cl)c(Cl)c1Cl,0.3836633663366336,0
RWGFKTVRMDUZSP-UHFFFAOYSA-N,CC(C)c1ccccc1,0.2376237623762376,0
MQUQNUAYKLCRME-INIZCTEOSA-N,Cc1ccc(S(=O)(=O)N[C@@H](Cc2ccccc2)C(=O)CCl)cc1,0.4801980198019802,0
XEXUKNQDDPKEIF-OAHLLOKOSA-N,C=CCN1CCc2cccc3c2[C@H]1Cc1ccc(O)c(O)c1-3,0.6427392739273926,1
JYYFMIOPGOFNPK-XSHSMGBESA-N,CC/C=C/C/C=C/C/C=C/CCCCCCCC(=O)OCC,0.6435643564356436,1
JKYJSFISYHSNOE-UHFFFAOYSA-N,CN(C(=O)Cc1ccc(Cl)c(Cl)c1)C(CN1CCCC1)c1cccc(OCC(=O)O)c1,0.530940594059406,1
SVHOVVJFOWGYJO-UHFFFAOYSA-N,Oc1c(Br)c(Br)c(Br)c(Br)c1Br,0.1160066006600659,0
KKZGFVAZUKHFAC-MRXNPFEDSA-N,C=CCN1CCc2c(cc(O)c(O)c2Br)[C@@H](c2ccccc2)C1,0.3774752475247525,0
DGMPVYSXXIOGJY-UHFFFAOYSA-N,CCCCc1ccc(C(=O)O)nc1,0.2178217821782178,0
JZUTXVTYJDCMDU-UHFFFAOYSA-N,COc1ccc2c(c1OC)C(=O)OC2C1c2cc3c(cc2CCN1C)OCO3,0.3766501650165016,0
RKUNBYITZUJHSG-VFSICIBPSA-N,CN1[C@@H]2CC[C@H]1CC(OC(=O)[C@H](CO)c1ccccc1)C2,0.7978547854785479,1
BOSMZFBHAYFUBJ-UHFFFAOYSA-N,Cc1ccc(OP(=O)(Oc2ccc(C)cc2)Oc2ccc(C)cc2)cc1,0.7161716171617162,1
OZDWAHBMLHXZTI-UHFFFAOYSA-N,NCCCCNS(=O)(=O)c1cccc2c(Cl)cccc12,0.721122112211221,1
PJANXHGTPQOBST-QXMHVHEDSA-N,C(=C\c1ccccc1)\c1ccccc1,0.3576732673267326,0
MUDRLQRJCGJJTB-UHFFFAOYSA-N,O=c1onc2n1-c1cc(Br)ccc1OC2,0.3358085808580858,0
RXMUPNVSYKGKMY-UHFFFAOYSA-N,CN(C)c1nc(N)c(C(=O)NC(=N)N)nc1Cl,0.2244224422442244,0
NTIZESTWPVYFNL-UHFFFAOYSA-N,CC(=O)CC(C)C,0.1104785478547854,0
BBEAQIROQSPTKN-UHFFFAOYSA-N,c1cc2ccc3cccc4ccc(c1)c2c34,0.783003300330033,1
GHWJEDJMOVUXEC-UHFFFAOYSA-N,Oc1cc2c(c(Cl)c1O)CCNCC2c1ccccc1,0.2937293729372937,0
DOFZAZXDOSGAJZ-UHFFFAOYSA-N,CCOP(=S)(OCC)SCCSCC,0.2821782178217821,0
QGXBDMJGAMFCBF-YROQGIJISA-N,C[C@]12CC[C@@H](O)CC1CC[C@@H]1[C@@H]2CC[C@]2(C)C(=O)CC[C@@H]12,0.4361386138613861,0
FSWDLYNGJBGFJH-UHFFFAOYSA-N,CCC(C)Nc1ccc(NC(C)CC)cc1,0.4315181518151815,0
LFBZZHVSGAHQPP-UHFFFAOYSA-N,CC1=NN=C(c2ccc(N)cc2)c2cc3c(cc2C1)OCO3,0.466996699669967,0
AZQWKYJCGOJGHM-UHFFFAOYSA-N,O=C1C=CC(=O)C=C1,0.0396039603960396,0
UOAMTSKGCBMZTC-UHFFFAOYSA-N,OC(c1ccc(Cl)cc1)(c1ccc(Cl)cc1)C(Cl)(Cl)Cl,0.4983498349834984,0
BIWJNBZANLAXMG-UHFFFAOYSA-N,ClC1=C(Cl)C2(Cl)C3C(Cl)C(Cl)CC3C1(Cl)C2(Cl)Cl,0.3927392739273927,0
QJPPEMXOOWNICQ-UHFFFAOYSA-N,c1ccc2c(c1)CC(N1CCN(c3cccc4c3OCCO4)CC1)C2,0.6712046204620461,1
GXEKYRXVRROBEV-UHFFFAOYSA-N,O=C(O)C1C2CCC(O2)C1C(=O)O,0.0482673267326732,0
AHJKRLASYNVKDZ-UHFFFAOYSA-N,Clc1ccc(C(c2ccc(Cl)cc2)C(Cl)Cl)cc1,0.9108910891089108,1
IBQMHBGFMLHHLE-UHFFFAOYSA-N,CCN(CC)CCCCCCCCOC(=O)c1cc(OC)c(OC)c(OC)c1,0.5152050919377652,1
MCMSJVMUSBZUCN-YYDJUVGSSA-N,COc1cc2c(cc1OC)-c1c/c(=N\c3c(C)cc(C)cc3C)n(C)c(=O)n1CC2,0.3156883545497407,0
BKGWACHYAMTLAF-UHFFFAOYSA-N,NC(=S)NCCCC(N)C(=O)O,0.1949552098066949,0
IXFPJGBNCFXKPI-IRGPPDDXSA-N,C/C=C(/C)C(=O)O[C@H]1C(C)=C2[C@H]([C@@H]1OC(=O)CCCCCCC)[C@@](C)(OC(C)=O)C[C@@H](OC(=O)CCC)[C@@]1(O)[C@H]2OC(=O)[C@@]1(C)O,0.2400990099009901,0
HSZCJVZRHXPCIA-UHFFFAOYSA-N,CCN(Cc1ccccc1)c1ccccc1,0.7283828382838283,1
STZZWJCGRKXEFF-UHFFFAOYSA-N,N#CC(Cl)Cl,0.1059405940594059,0
RGSVXQJPSWZXOP-UHFFFAOYSA-N,c1ccc2sc(C3(N4CCCCC4)CCCCC3)cc2c1,0.3886138613861386,0
HXIQYSLFEXIOAV-UHFFFAOYSA-N,Cc1cc(O)c(C(C)(C)C)cc1Sc1cc(C(C)(C)C)c(O)cc1C,0.257013201320132,0
UFYJLJINUGVUHO-UHFFFAOYSA-N,CN(C)CCCCSC(=N)N,0.3551980198019802,0
LUFPJJNWMYZRQE-UHFFFAOYSA-N,c1ccc(CSCc2ccccc2)cc1,0.6216171617161717,1
UTBSBSOBZHXMHI-LSDHHAIUSA-N,CCn1cnc2c(Nc3cccc(Cl)c3)nc(N[C@@H]3CCCC[C@@H]3N)nc21,0.4306930693069307,0
HHRACYLRBOUBKM-UHFFFAOYSA-N,CC(C)(C)c1ccc(OCC2CO2)cc1,0.3077557755775577,0
UBQNRHZMVUUOMG-UHFFFAOYSA-N,N=S(=O)(O)Cc1noc2ccccc12,0.2846534653465346,0
YUFCOOWNNHGGOD-PMCKMBLUSA-N,Nc1nc2c(nc(Br)n2C2O[C@H]3CO[P@@](=O)(O)O[C@@H]3C2O)c(=O)[nH]1,0.1571782178217821,0
QONNLUMTBIZJFP-UHFFFAOYSA-N,Fc1ccc(CN(C2=NCCN2)c2c(Cl)cccc2Cl)cc1,0.8772277227722771,1
PHEDXBVPIONUQT-BSYKJNSZSA-N,CCCCCCCCCCCCCC(=O)O[C@@H]1[C@@H](C)[C@@]2(O)[C@@H](C=C(CO)C[C@@]3(O)C(=O)C(C)=C[C@@H]23)[C@@H]2C(C)(C)[C@@]12OC(C)=O,0.264026402640264,0
UWFYSQMTEOIJJG-XDPPYWQRSA-N,CC(=O)O[C@]1(C(C)=O)CC[C@H]2[C@@H]3C=C(Cl)C4=CC(=O)[C@@H]5C[C@H]5[C@]4(C)[C@H]3CC[C@@]21C,0.1303630363036303,0
YOJKKXRJMXIKSR-UHFFFAOYSA-N,O=[N+]([O-])c1ccccc1-c1ccccc1,0.4518151815181518,0
RKZDZWJDQTZDLD-UHFFFAOYSA-N,c1cc2c3c(c1)ccc1cccc(c13)C2,0.6082508250825083,1
WDXRGPWQVHZTQJ-AUKWTSKRSA-N,C/C=C1/C(=O)C[C@H]2[C@@H]3CCC4=CC(=O)CC[C@]4(C)[C@H]3CC[C@]12C,0.2549504950495049,0
LPMBTLLQQJBUOO-KTKRTIGZSA-N,CCCCCCCC/C=C\CCCCCCCC(=O)N(CCO)CCO,0.4405940594059406,0
HJUAKZYKCANOOZ-UHFFFAOYSA-N,COC(=O)N1CCN(C(=O)Cc2ccc(Cl)c(Cl)c2)C(CN2CCCC2)C1,0.3737623762376237,0
VNICFCQJUVFULD-UHFFFAOYSA-N,c1ccc2c(N3CCNCC3)cccc2c1,0.7076732673267326,1
FVUGZKDGWGKCFE-UHFFFAOYSA-N,CC(=O)C1(C)CC2=C(CCCC2(C)C)CC1C,0.2014851485148515,0
JRLOEMCOOZSCQP-UHFFFAOYSA-N,CCCCCC(O)c1cccc(OCc2ccc3ccccc3n2)c1,0.7296086751532296,1
ZSCDBOWYZJWBIY-UHFFFAOYSA-N,CC(CN(C)C)CN1c2ccccc2CCc2ccccc21,0.9203795379537952,1
XJQPQKLURWNAAH-UHFFFAOYSA-N,COc1cc(CNC(=O)CCCCCCC(C)C)ccc1O,0.4116336633663366,0
FCBRFERWWOBAJC-UHFFFAOYSA-N,COc1ccc(CCCOc2cc(CCn3ccnc3)ccc2OC)cc1,0.9702970297029704,1
RQHKZUBCUZVZEF-UHFFFAOYSA-N,O=C(OCCN1CCOCC1)C1(c2ccccc2)CCCCC1,0.3762906647807638,0
CURMZJGVCAQSTD-RDAXWTIDSA-N,C[C@]12Cc3cn4c(nc3C=C1CCC1C2CC[C@@]2(C)[C@H]1CC[C@@]2(O)C#N)nc1ccccc14,0.495049504950495,0
VGGGPCQERPFHOB-HZSPNIEDSA-N,CC(C)C[C@H](NC(=O)[C@H](O)[C@H](N)Cc1ccccc1)C(=O)O,0.0866336633663366,0
JSCUNIPKMPNPFX-UHFFFAOYSA-N,O=c1cc(-c2ccccc2)[nH]c2nc(Cl)ccc12,0.5603960396039604,1
DIHXJZHAIHGSAW-UHFFFAOYSA-N,N=C(N)NC(=N)Nc1cccc(Cl)c1,0.2458745874587459,0
JSASWRWALCMOQP-UHFFFAOYSA-N,CC(C)N(CCC(=O)c1ccc2ccccc2c1)Cc1ccccc1,0.7673267326732673,1
LXBIFEVIBLOUGU-UHFFFAOYSA-N,OCC1NCC(O)C(O)C1O,0.1838048090523338,0
ZZQHNBGRWRQWFI-XNTDXEJSSA-N,N#C/C(=C\c1ccc(O)c(O)c1)C(=O)NCCc1ccccc1,0.1864686468646864,0
HUCJFAOMUPXHDK-UHFFFAOYSA-N,Cc1cc(C(C)(C)C)cc(C)c1CC1=NCCN1,0.3721122112211221,0
PQUGCKBLVKJMNT-UHFFFAOYSA-N,COc1ccc(-n2nc(C(F)(F)F)cc2-c2ccc(Cl)cc2)cc1,0.7171617161716172,1
XTTIQGSLJBWVIV-UHFFFAOYSA-N,Cc1cc([N+](=O)[O-])ccc1N,0.0933993399339934,0
SDQFDHOLCGWZPU-UHFFFAOYSA-N,CC(C=O)Cc1ccc(C(C)(C)C)cc1,0.2376237623762376,0
XDXDZDZNSLXDNA-TZNDIEGXSA-N,CC(=O)[C@]1(O)Cc2c(O)c3c(c(O)c2[C@@H](O[C@H]2C[C@H](N)[C@H](O)[C@H](C)O2)C1)C(=O)c1ccccc1C3=O,0.1509900990099009,0
SJFPWWYCPGONOM-UHFFFAOYSA-N,O=S(=O)(c1cccc2ncccc12)N1CCNCC1,0.452970297029703,0
KDXISMANFPJVJY-UHFFFAOYSA-N,CC1(C)C(=O)N(CCN2CCC(C(=O)c3ccc(F)cc3)CC2)c2ccccc21,0.6515676567656766,1
GAAKALASJNGQKD-UHFFFAOYSA-N,Nc1ccc(CCN2CCN(c3cccc(C(F)(F)F)c3)CC2)cc1,0.801980198019802,1
NIOHELZQFBGCEO-UHFFFAOYSA-N,N=C(NC(=O)c1nc(Cl)c(N)nc1N)Nc1ccccc1,0.1683168316831683,0
SIYLLGKDQZGJHK-UHFFFAOYSA-N,CC(C)(C)CC(C)(C)c1ccc(OCCOCC[N+](C)(C)Cc2ccccc2)cc1,0.9356435643564356,1
DPXOFRGRKPFZOD-UHFFFAOYSA-N,CCCN(CCC)CCc1c[nH]c2ccc(C(N)=O)cc12,0.650990099009901,1
JAQUASYNZVUNQP-OOHWJJMZSA-N,CN1CCC23CCCC[C@H]2C1Cc1ccc(O)cc13,0.4282178217821782,0
CWVRJTMFETXNAD-VQWGVLBKSA-N,O=C(/C=C/c1ccc(O)c(O)c1)OC1C[C@](O)(C(=O)O)C[C@@H](O)[C@H]1O,0.249009900990099,0
ZDWNVUUXKGJQMT-PMACEKPBSA-N,CCc1ccccc1OC[C@@H](O)CN[C@H]1CCc2ccccc2C1,0.655115511551155,1
DODQJNMQWMSYGS-QPLCGJKRSA-N,CC/C(=C(\c1ccccc1)c1ccc(OCCN(C)C)cc1)c1ccc(O)cc1,0.7797029702970297,1
JVGBTTIJPBFLTE-UHFFFAOYSA-N,O=C1NCN(c2ccccc2)C12CCN(CC1COc3ccccc3O1)CC2,0.6207920792079208,1
LZMRVYPPUVMKOI-UHFFFAOYSA-N,Cn1cnc2c(NC3CCCC3)ncnc21,0.5272277227722771,1
QBYJBZPUGVGKQQ-UHFFFAOYSA-N,ClC1=C(Cl)C2(Cl)C3C4C=CC(C4)C3C1(Cl)C2(Cl)Cl,0.3320957095709571,0
OZYUPQUCAUTOBP-VOBHOPKGSA-N,C=CCN1CC[C@]23CCCCC2[C@H]1Cc1ccc(O)cc13,0.4579207920792079,0
TXQKSMSLZVKQBI-UHFFFAOYSA-N,O=C(O)C1CCCN(CCC=C(c2ccccc2)c2ccccc2)C1,0.3403465346534653,0
IBRBMZRLVYKVRF-UHFFFAOYSA-N,O=[N+]([O-])c1cc(Cl)c(Cl)cc1Cl,0.3242574257425742,0
ZCTQGTTXIYCGGC-UHFFFAOYSA-N,O=C(OCc1ccccc1)c1ccccc1O,0.3473597359735973,0
MKIKWCVTTNYSRM-UHFFFAOYSA-N,c1ccc(CN(Cc2ncc[nH]2)c2ccccc2)cc1,0.7767326732673268,1
WSSJONWNBBTCMG-UHFFFAOYSA-N,CC1CC(OC(=O)c2ccccc2O)CC(C)(C)C1,0.1955445544554455,0
VSWDORGPIHIGNW-UHFFFAOYSA-N,S=C(S)N1CCCC1,0.1303630363036303,0
MNJNPLVXBISNSX-WDNDVIMCSA-N,CN1[C@@H]2CC[C@H]1C[C@@H](OC(=O)c1cc(Cl)cc(Cl)c1)C2,0.6410891089108911,1
MDESCHUXWOWHQJ-AUWJEWJLSA-N,CN(C)CC/C=C1/c2ccccc2Sc2cc(Cl)ccc21,0.8659240924092411,1
SNTQPLDRUZOSDP-UHFFFAOYSA-N,CCCC(C(=O)OCCN(CC)CC)(c1ccccc1)c1ccccc1,0.8161008958038661,1
WTLBZVNBAKMVDP-UHFFFAOYSA-N,CCCCOCCOP(=O)(OCCOCCCC)OCCOCCCC,0.5858085808580857,1
DGQLVPJVXFOQEV-NGOCYOHBSA-N,Cc1c(C(=O)O)c(O)cc2c1C(=O)c1c(O)c([C@H]3O[C@H](CO)[C@@H](O)[C@H](O)[C@H]3O)c(O)c(O)c1C2=O,0.1023102310231023,0
SCKBPXUWGMKLDM-UHFFFAOYSA-N,NCCNC(=O)c1ncsc1-c1cccc(F)c1,0.2648514851485148,0
ZHVWWEYETMPAMX-RFTKNZGOSA-N,Oc1ccc2c3c1O[C@H]1c4oc5ccccc5c4C[C@@]4(O)C(C2)N(CC2CC2)CCC314,0.4955445544554455,0
AJPSBXJNFJCCBI-YPLOISPCSA-N,C=CCN1CC[C@]23c4c5ccc(O)c4O[C@@H]2/C(=N/N=C2\CC[C@@]4(O)C6Cc7ccc(O)c8c7[C@@]4(CCN6CC=C)[C@@H]2O8)CC[C@@]3(O)C1C5,0.4381188118811881,0
DYCJFJRCWPVDHY-ABYLEIOUSA-N,O=[N+]([O-])c1ccc(CSc2ncnc3c2ncn3[C@@H]2O[C@H](CO)[C@H](O)[C@H]2O)cc1,0.3341584158415842,0
OIRDTQYFTABQOQ-GAWUUDPSSA-N,Nc1ncnc2c1ncn2[C@@H]1O[C@H](CO)[C@H](O)[C@H]1O,0.1633663366336633,0
RDYMFSUJUZBWLH-UHFFFAOYSA-N,[O-][S+]1OCC2C(CO1)C1(Cl)C(Cl)=C(Cl)C2(Cl)C1(Cl)Cl,0.2986798679867987,0
KQWVAUSXZDRQPZ-OREGWCPLSA-N,C=CCN1C[C@@H](C)N([C@H](c2ccc(C(=O)N(CC)CC)cc2)c2cccc(OC)c2)C[C@@H]1C,0.6212871287128713,1
HKGWQUVGHPDEBZ-ABLWVSNPSA-N,CN1CC[C@@]2(C)c3cc(O)ccc3N(C)C12,0.3007425742574257,0
QXMGSJSQHWXUQG-OUKQBFOZSA-N,CC[N+](CC)(CC)COc1ccc(/C=C/c2ccccc2)cc1,0.8679867986798679,1
NDNUAUXWPVQUQH-UHFFFAOYSA-N,O=C(CCCN1C=CC(n2c(=O)[nH]c3ccccc32)CC1)c1ccc(F)cc1,0.6806930693069307,1
RKXSQHTWNMDLJM-NSHDSACASA-N,CCc1cc(Cl)c(OC)c(C(=O)NC[C@@H]2CCN(CC)C2)c1O,0.2574257425742574,0
POZRVZJJTULAOH-XVOGMACCSA-N,C#C[C@]1(O)CC[C@H]2[C@@H]3CCC4=Cc5oncc5CC4(C)[C@H]3CCC21C,0.4315181518151815,0
DJBNUMBKLMJRSA-UHFFFAOYSA-N,O=C(NCC1CCCCN1)c1cc(OCC(F)(F)F)ccc1OCC(F)(F)F,0.915841584158416,1
DDNCQMVWWZOMLN-IRLDBZIGSA-N,CCOC(=O)C1=C[C@]2(CC)CCCN3CCc4c(n1c1ccccc41)[C@@H]32,0.901072607260726,1
LUZRJRNZXALNLM-JGRZULCMSA-N,CN1C[C@H](C(=O)N[C@]2(C)O[C@@]3(O)[C@@H]4CCCN4C(=O)[C@H](Cc4ccccc4)N3C2=O)C[C@@H]2c3cccc4[nH]cc(c34)C[C@H]21,0.320957095709571,0
DERZBLKQOCDDDZ-JLHYYAGUSA-N,C(=C/c1ccccc1)\CN1CCN(C(c2ccccc2)c2ccccc2)CC1,0.6675742574257425,1
BTIHMVBBUGXLCJ-OAHLLOKOSA-N,CC[C@H](CO)Nc1nc(NCc2ccccc2)c2ncn(C(C)C)c2n1,0.1254125412541254,0
BGSWSYNOZJKVDX-PFHKOEEOSA-N,CNC(=O)[C@H]1O[C@@H](n2cnc3c(NCc4ccc(I)cc4)nc(Cl)nc32)[C@H](O)[C@@H]1O,0.3473597359735973,0
KZFDKINRISJFCO-TWYXQDJOSA-N,CN1[C@@H]2CC[C@H]1C[C@@H](OC(c1ccccc1)c1ccccc1N)C2,0.6396039603960395,1
NCEGJIHRQBRVJQ-UHFFFAOYSA-N,NC(Cc1cccc(-c2ccccc2CP(=O)(O)O)c1)C(=O)O,0.2425742574257425,0
ZBBHBTPTTSWHBA-UHFFFAOYSA-N,COC(=O)C1=C(C)NC(C)=C(C(=O)OCCN(C)Cc2ccccc2)C1c1cccc([N+](=O)[O-])c1,0.7702145214521453,1
VQLPLYSROCPWFF-MSOLQXFVSA-N,CN(C(=O)Cc1ccc(Cl)c(Cl)c1)[C@@H]1CCCC[C@@H]1N1CCCC1,0.4405940594059406,0
ZDIGNSYAACHWNL-HNNXBMFYSA-N,CN(C)CC[C@@H](c1ccc(Br)cc1)c1ccccn1,0.8234912776991985,1
ZJJXGWJIGJFDTL-UHFFFAOYSA-N,Cc1cnc(C(=O)NCCc2ccc(S(=O)(=O)NC(=O)NC3CCCCC3)cc2)cn1,0.1089108910891089,0
JWHAUXFOSRPERK-SFHVURJKSA-N,CCCNC[C@H](O)COc1ccccc1C(=O)CCc1ccccc1,0.97986798679868,1
JOAHPSVPXZTVEP-QGPMSJSTSA-N,CCN(CC)C(=O)N[C@@H]1C[C@@H]2c3cccc4[nH]cc(c34)C[C@H]2N(C)C1,0.400990099009901,0
BGRJTUBHPOOWDU-UHFFFAOYSA-N,CCN1CCCC1CNC(=O)c1cc(S(N)(=O)=O)ccc1OC,0.1072607260726072,0
NVKAWKQGWWIWPM-ABEVXSGRSA-N,C[C@]12CCC(=O)C[C@@H]1CC[C@@H]1[C@@H]2CC[C@]2(C)[C@@H](O)CC[C@@H]12,0.3272277227722772,0
RDOIQAHITMMDAJ-UHFFFAOYSA-N,CN(C)C(=O)C(CCN1CCC(O)(c2ccc(Cl)cc2)CC1)(c1ccccc1)c1ccccc1,0.7673267326732673,1
GPKJTRJOBQGKQK-UHFFFAOYSA-N,CCN(CC)CCCC(C)Nc1c2ccc(Cl)cc2nc2ccc(OC)cc12,0.9323432343234324,1
IEJXVRYNEISIKR-UHFFFAOYSA-N,Nc1cc(Cl)c(N=C2NCCN2)c(Cl)c1,0.2574257425742574,0
UOLJKAPABHXFRE-UHFFFAOYSA-N,CCCN(CCC)C1Cc2cc(OC)c(OC)cc2C1,0.4847359735973597,0
INVGWHRKADIJHF-UHFFFAOYSA-N,C[n+]1cc2c3c(ccc2c2ccc4cc5c(cc4c21)OCO5)OCO3,0.6633663366336634,1
PAZJSJFMUHDSTF-UHFFFAOYSA-N,C=CCc1ccccc1OCC(O)CNC(C)C,0.2362093352192361,0
HLRBSTGXOFUEHW-OAHLLOKOSA-N,CCCN1CCc2cc(O)cc3c2[C@H]1Cc1ccc(O)c(O)c1-3,0.370049504950495,0
XSCGXQMFQXDFCW-UHFFFAOYSA-N,CN(C)CCCN1c2ccccc2Sc2ccc(C(F)(F)F)cc21,0.9702970297029704,1
WDZVGELJXXEGPV-YIXHJXPBSA-N,N=C(N)N/N=C/c1c(Cl)cccc1Cl,0.2683993399339934,0
MDNWOSOZYLHTCG-UHFFFAOYSA-N,Oc1ccc(Cl)cc1Cc1cc(Cl)ccc1O,0.5973597359735973,1
JWBOIMRXGHLCPP-UHFFFAOYSA-N,Clc1ccc(C(c2ccccc2Cl)C(Cl)Cl)cc1,0.915841584158416,1
UHSKFQJFRQCDBE-UHFFFAOYSA-N,CCCN(CCC)CCc1cccc2c1CC(=O)N2,0.9702970297029704,1
ZZVUWRFHKOJYTH-UHFFFAOYSA-N,CN(C)CCOC(c1ccccc1)c1ccccc1,0.3562588401697311,0
RTHCYVBBDHJXIQ-UHFFFAOYSA-N,CNCCC(Oc1ccc(C(F)(F)F)cc1)c1ccccc1,1.0,1
LGLFFNDHMLKUMI-UHFFFAOYSA-N,CN(C)c1ccc(C(=C2C=CC(=[N+](C)C)C=C2)c2ccc(N(C)C)cc2)cc1,0.7577557755775577,1
VPVOXUSPXFPWBN-VKHMYHEASA-N,C[C@H](O)C(=O)C1=Nc2c(nc(N)[nH]c2=O)NC1,0.1126650165016501,0
QZUDBNBUXVUHMW-UHFFFAOYSA-N,CN1CCN(C2=Nc3cc(Cl)ccc3Nc3ccccc32)CC1,0.9575082508250826,1
FMJSMJQBSVNSBF-UHFFFAOYSA-N,CCCCC(CC)COC(=O)C(C#N)=C(c1ccccc1)c1ccccc1,0.5057755775577557,1
BWPIARFWQZKAIA-UHFFFAOYSA-N,CNCCCC1c2ccccc2C=Cc2ccccc21,0.99009900990099,1
YMTINGFKWWXKFG-UHFFFAOYSA-N,CC(C)OC(=O)C(C)(C)Oc1ccc(C(=O)c2ccc(Cl)cc2)cc1,0.4636963696369636,0
QRXWMOHMRWLFEY-UHFFFAOYSA-N,NNC(=O)c1ccncc1,0.0742574257425742,0
GZUITABIAKMVPG-UHFFFAOYSA-N,O=C(c1ccc(OCCN2CCCCC2)cc1)c1c(-c2ccc(O)cc2)sc2cc(O)ccc12,0.8118811881188119,1
HCZKYJDFEPMADG-TXEJJXNPSA-N,C[C@H](Cc1ccc(O)c(O)c1)[C@@H](C)Cc1ccc(O)c(O)c1,0.3849009900990099,0
YNPNZTXNASCQKK-UHFFFAOYSA-N,c1ccc2c(c1)ccc1ccccc12,0.8454620462046204,1
HIYAVKIYRIFSCZ-CYEMHPAKSA-N,CNc1ccc2oc(C[C@H]3O[C@@]4(CC[C@H]3C)O[C@H]([C@H](C)C(=O)c3ccc[nH]3)[C@H](C)C[C@H]4C)nc2c1C(=O)O,0.3254125412541253,0
RAPZEAPATHNIPO-UHFFFAOYSA-N,Cc1nc2n(c(=O)c1CCN1CCC(c3noc4cc(F)ccc34)CC1)CCCC2,0.9257425742574258,1
QSLMDECMDJKHMQ-UHFFFAOYSA-N,CNCCCC12CCC(c3ccccc31)c1ccccc12,1.0,1
JCKYGMPEJWAADB-UHFFFAOYSA-N,O=C(O)CCCc1ccc(N(CCCl)CCCl)cc1,0.4587458745874587,0
BAINIUMDFURPJM-UHFFFAOYSA-N,O=c1[nH]c2ccccc2n1CCCN1CCN(C(c2ccccc2)c2ccccc2)CC1,0.9752475247524752,1
VNFPBHJOKIVQEB-UHFFFAOYSA-N,Clc1ccccc1C(c1ccccc1)(c1ccccc1)n1ccnc1,0.8910891089108911,1
UIAGMCDKSXEBJQ-UHFFFAOYSA-N,COCCOC(=O)C1=C(C)NC(C)=C(C(=O)OC(C)C)C1c1cccc([N+](=O)[O-])c1,0.2722065063649221,0
KNHUKKLJHYUCFP-UHFFFAOYSA-N,CCOC(=O)C(C)(C)Oc1ccc(Cl)cc1,0.3905940594059406,0
RZTAMFZIAATZDJ-UHFFFAOYSA-N,CCOC(=O)C1=C(C)NC(C)=C(C(=O)OC)C1c1cccc(Cl)c1Cl,0.2875137513751375,0
HWHLPVGTWGOCJO-UHFFFAOYSA-N,OC(CCN1CCCCC1)(c1ccccc1)C1CCCCC1,0.4527227722772277,0
IYIKLHRQXLHMJQ-UHFFFAOYSA-N,CCCCc1oc2ccccc2c1C(=O)c1cc(I)c(OCCN(CC)CC)c(I)c1,0.9851485148514852,1
RUZYUOTYCVRMRZ-UHFFFAOYSA-N,COc1cc2nc(N3CCN(C(=O)C4COc5ccccc5O4)CC3)nc(N)c2cc1OC,0.9306930693069309,1
DOIRQSBPFJWKBE-UHFFFAOYSA-N,CCCCOC(=O)c1ccccc1C(=O)OCCCC,0.306105610561056,0
SAQUSDSPQYQNBG-UHFFFAOYSA-N,O=Nc1c(-c2c(O)[nH]c3cc(Br)ccc23)[nH]c2ccccc12,0.5082508250825082,1
VGKDLMBJGBXTGI-SJCJKPOMSA-N,CN[C@H]1CC[C@@H](c2ccc(Cl)c(Cl)c2)c2ccccc21,0.99009900990099,1
RJKFOVLPORLFTN-LEKSSAKUSA-N,CC(=O)[C@H]1CC[C@H]2[C@@H]3CCC4=CC(=O)CC[C@]4(C)[C@H]3CC[C@]12C,0.1534653465346534,0
ZCVMWBYGMWKGHF-UHFFFAOYSA-N,CN1CCC(=C2c3ccccc3CC(=O)c3sccc32)CC1,0.5108085808580858,1
ZGUGWUXLJSTTMA-UHFFFAOYSA-N,CN(C)CCCN1c2ccccc2Sc2ccccc21,0.933993399339934,1
UVTNFZQICZKOEM-UHFFFAOYSA-N,CC(C)N(CCC(C(N)=O)(c1ccccc1)c1ccccn1)C(C)C,0.6699021687883072,1
VUAXHMVRKOTJKP-UHFFFAOYSA-N,CCC(C)(C)C(=O)O,0.0834983498349835,0
LEZWWPYKPKIXLL-UHFFFAOYSA-N,Clc1ccc(COC(Cn2ccnc2)c2ccc(Cl)cc2Cl)cc1,0.957095709570957,1
FPIPGXGPPPQFEQ-OVSJKPMPSA-N,CC1=C(/C=C/C(C)=C/C=C/C(C)=C/CO)C(C)(C)CCC1,0.2255775577557755,0
GDLIGKIOYRNHDA-UHFFFAOYSA-N,CN(C)CCCN1c2ccccc2CCc2ccc(Cl)cc21,0.995049504950495,1
AKJHMTWEGVYYSE-FXILSDISSA-N,CC1=C(/C=C/C(C)=C/C=C/C(C)=C/C(=O)Nc2ccc(O)cc2)C(C)(C)CCC1,0.2803630363036303,0
NKANXQFJJICGDU-QPLCGJKRSA-N,CC/C(=C(\c1ccccc1)c1ccc(OCCN(C)C)cc1)c1ccccc1,0.9356435643564356,1
KRMDCWKBEZIMAB-UHFFFAOYSA-N,CN(C)CCC=C1c2ccccc2CCc2ccccc21,0.99009900990099,1
JWHAUXFOSRPERK-UHFFFAOYSA-N,CCCNCC(O)COc1ccccc1C(=O)CCc1ccccc1,0.97986798679868,1
SGDBTWWWUNNDEQ-LBPRGKRZSA-N,N[C@@H](Cc1ccc(N(CCCl)CCCl)cc1)C(=O)O,0.3267326732673267,0
FIPWRIJSWJWJAI-UHFFFAOYSA-N,CCCCOCCOCCOCc1cc2c(cc1CCC)OCO2,0.6522277227722773,1
KLBQZWRITKRQQV-UHFFFAOYSA-N,CSc1ccc2c(c1)N(CCC1CCCCN1C)c1ccccc1S2,0.995049504950495,1
YEHCICAEULNIGD-MZMPZRCHSA-N,CCCN1C[C@H](CSC)C[C@@H]2c3cccc4[nH]cc(c34)C[C@H]21,0.8316831683168316,1
JFIOVJDNOJYLKP-UHFFFAOYSA-N,Oc1c(Cl)cc(Cl)cc1Sc1cc(Cl)cc(Cl)c1O,0.2739273927392739,0
AQHHHDLHHXJYJD-UHFFFAOYSA-N,CC(C)NCC(O)COc1cccc2ccccc12,0.4584158415841583,0
XIQVNETUBQGFHX-UHFFFAOYSA-N,CCN(CC)CC#CCOC(=O)C(O)(c1ccccc1)C1CCCCC1,0.1264497878359264,0
WKSAUQYGYAYLPV-UHFFFAOYSA-N,CCc1nc(N)nc(N)c1-c1ccc(Cl)cc1,0.3615511551155115,0
IZEKFCXSFNUWAM-UHFFFAOYSA-N,OCCN(CCO)c1nc(N2CCCCC2)c2nc(N(CCO)CCO)nc(N3CCCCC3)c2n1,0.1089108910891089,0
JCCNYMKQOSZNPW-UHFFFAOYSA-N,CCOC(=O)N1CCC(=C2c3ccc(Cl)cc3CCc3cccnc32)CC1,0.8689768976897692,1
YECBIJXISLIIDS-UHFFFAOYSA-N,COc1ccc(CN(CCN(C)C)c2ccccn2)cc1,0.962046204620462,1
JXLYSJRDGCGARV-DVHKQMBDSA-N,CCC1(O)CC2CN(CCc3c([nH]c4ccccc34)[C@@](C(=O)OC)(c3cc4c(cc3OC)N(C)C3[C@]45CCN4CC=C[C@@](CC)([C@@H](OC(C)=O)[C@]3(O)C(=O)OC)[C@H]45)C2)C1,0.5214521452145215,1
GIJXKZJWITVLHI-PMOLBWCYSA-N,CN1[C@@H]2CC[C@H]1C[C@@H](OC(c1ccccc1)c1ccccc1)C2,0.806930693069307,1
NETZHAKZCGBWSS-IUIHYUJPSA-N,Oc1ccc2c3c1O[C@H]1[C@@H](O)CC[C@@]4(O)C(C2)N(CC2CCC2)CCC314,0.4492574257425742,0
KJFMBFZCATUALV-UHFFFAOYSA-N,O=C1OC(c2ccc(O)cc2)(c2ccc(O)cc2)c2ccccc21,0.4504950495049505,0
QWCRAEMEVRGPNT-UHFFFAOYSA-N,O=C1CC2(CCCC2)CC(=O)N1CCCCN1CCN(c2ncccn2)CC1,0.8514851485148515,1
CMWTZPSULFXXJA-VIFPVBQESA-N,COc1ccc2cc([C@H](C)C(=O)O)ccc2c1,0.2231848184818482,0
QEVHRUUCFGRFIF-MDEJGZGSSA-N,COC(=O)[C@H]1[C@H]2C[C@@H]3c4[nH]c5cc(OC)ccc5c4CCN3C[C@H]2C[C@@H](OC(=O)c2cc(OC)c(OC)c(OC)c2)[C@@H]1OC,0.7970297029702971,1
XJGVXQDUIWGIRW-UHFFFAOYSA-N,CN1CCN(C2=Nc3ccccc3Oc3ccc(Cl)cc32)CC1,0.933993399339934,1
PCZOHLXUXFIOCF-BXMDZJJMSA-N,CC[C@H](C)C(=O)O[C@H]1C[C@@H](C)C=C2C=C[C@H](C)[C@H](CC[C@@H]3C[C@@H](O)CC(=O)O3)[C@H]21,0.3351838755304102,0
JJCFRYNCJDLXIK-UHFFFAOYSA-N,CN1CCC(=C2c3ccccc3C=Cc3ccccc32)CC1,0.6896864686468647,1
YXUPZGKORWTXID-UHFFFAOYSA-N,CCCCCCCCCCCC[N+](C)(C)CCOc1ccccc1,0.9653465346534652,1
YVGGHNCTFXOJCH-UHFFFAOYSA-N,Clc1ccc(C(c2ccc(Cl)cc2)C(Cl)(Cl)Cl)cc1,0.9108910891089108,1
YLJREFDVOIBQDA-UHFFFAOYSA-N,Nc1c2c(nc3ccccc13)CCCC2,0.3801155115511552,0
WKGXYQFOCVYPAC-UHFFFAOYSA-N,NC(=O)OCC(COC(N)=O)c1ccccc1,0.2247524752475247,0
SBPRIAGPYFYCRT-UHFFFAOYSA-N,COc1ccccc1N1CCN(CCN(C(=O)C2CCCCC2)c2ccccn2)CC1,0.6947194719471946,1
NEUSVAOJNUQRTM-UHFFFAOYSA-N,CCCCCCCCCCCCCCCC[n+]1ccccc1,0.8861386138613861,1
RZEKVGVHFLEQIL-UHFFFAOYSA-N,Cc1ccc(-c2cc(C(F)(F)F)nn2-c2ccc(S(N)(=O)=O)cc2)cc1,0.8861386138613861,1
JUQLTPCYUFPYKE-UHFFFAOYSA-N,Cc1nc2sccn2c(=O)c1CCN1CCC(=C(c2ccc(F)cc2)c2ccc(F)cc2)CC1,0.7343234323432344,1
WYWZRNAHINYAEF-UHFFFAOYSA-N,CCCCC(CC)COC(=O)c1ccc(N(C)C)cc1,0.5587458745874588,1
JURKNVYFZMSNLP-UHFFFAOYSA-N,CN(C)CCC=C1c2ccccc2C=Cc2ccccc21,0.9422442244224424,1
XMAYWYJOQHXEEK-UHFFFAOYSA-N,CC(=O)N1CCN(c2ccc(OCC3COC(Cn4ccnc4)(c4ccc(Cl)cc4Cl)O3)cc2)CC1,0.7384286642950009,1
QVYRGXJJSLMXQH-UHFFFAOYSA-N,Cc1ccccc1C(OCCN(C)C)c1ccccc1,0.9131188118811882,1
RMUCZJUITONUFY-UHFFFAOYSA-N,NNCCc1ccccc1,0.4762376237623762,0
YVUQSNJEYSNKRX-UHFFFAOYSA-N,O=c1[nH]c2ccccc2n1C1CCN(CCCC(c2ccc(F)cc2)c2ccc(F)cc2)CC1,0.9801980198019802,1
JRWZLRBJNMZMFE-UHFFFAOYSA-N,CC(CCc1ccc(O)cc1)NCCc1ccc(O)c(O)c1,0.4616336633663366,0
QZPQTZZNNJUOLS-UHFFFAOYSA-N,CC1(C)CCC2=C(O1)c1ccccc1C(=O)C2=O,0.2301980198019802,0
ZBMZVLHSJCTVON-UHFFFAOYSA-N,CC(C)NCC(O)c1ccc(NS(C)(=O)=O)cc1,0.0099009900990099,0
QWAXKHKRTORLEM-UGJKXSETSA-N,CC(C)(C)NC(=O)[C@@H]1C[C@@H]2CCCC[C@@H]2CN1C[C@@H](O)[C@H](Cc1ccccc1)NC(=O)[C@H](CC(N)=O)NC(=O)c1ccc2ccccc2n1,0.0899339933993399,0
REQCZEXYDRLIBE-UHFFFAOYSA-N,CCN(CC)CCNC(=O)c1ccc(N)cc1,0.0,0
BDVFVCGFMNCYPV-UHFFFAOYSA-N,CC1CNCCN1S(=O)(=O)c1cccc2cnccc12,0.2174681753889674,0
PLDUPXSUYLZYBN-UHFFFAOYSA-N,OCCN1CCN(CCCN2c3ccccc3Sc3ccc(C(F)(F)F)cc32)CC1,0.9554455445544554,1
HOMWNUXPSJQSSU-UHFFFAOYSA-N,CN1CCN(c2ccc3ccccc3n2)CC1,0.6144389438943894,1
YEUSLPIIQGZHQB-UHFFFAOYSA-N,N=C(N)SCCc1cccc(CCSC(=N)N)c1,0.3613861386138614,0
RGLYKWWBQGJZGM-ISLYRVAYSA-N,CC/C(=C(/CC)c1ccc(O)cc1)c1ccc(O)cc1,0.4557991513437058,0
MRBDMNSDAVCSSF-UHFFFAOYSA-N,Cc1ccc(N(CC2=NCCN2)c2cccc(O)c2)cc1,0.4364686468646864,0
QZVCTJOXCFMACW-UHFFFAOYSA-N,CC(COc1ccccc1)N(CCCl)Cc1ccccc1,0.8834158415841583,1
YRCWQPVGYLYSOX-UHFFFAOYSA-N,CNCC(O)c1ccc(O)cc1,0.1881188118811881,0
XXPANQJNYNUNES-UHFFFAOYSA-N,CN1Cc2c(N)cccc2C(c2ccccc2)C1,0.5009075907590759,1
VQLPLYSROCPWFF-ROUUACIJSA-N,CN(C(=O)Cc1ccc(Cl)c(Cl)c1)[C@H]1CCCC[C@@H]1N1CCCC1,0.4405940594059406,0
GIIZNNXWQWCKIB-UHFFFAOYSA-N,OCc1cc(C(O)CNCCCCCCOCCCCc2ccccc2)ccc1O,0.8325082508250825,1
BLGXFZZNTVWLAY-SCYLSFHTSA-N,COC(=O)[C@@H]1[C@H]2C[C@H]3c4[nH]c5ccccc5c4CCN3C[C@@H]2CC[C@@H]1O,0.3927392739273927,0
AYYCFGDXLUPJAQ-UHFFFAOYSA-N,COc1ccccc1N1CCN(CCN2C(=O)CC3(CCCC3)CC2=O)CC1,0.5552805280528053,1
WIKYUJGCLQQFNW-UHFFFAOYSA-N,CN1CCN(CCCN2c3ccccc3Sc3ccc(Cl)cc32)CC1,0.7920792079207921,1
QWGDMFLQWFTERH-UHFFFAOYSA-N,Clc1ccc2c(c1)C(N1CCNCC1)=Nc1ccccc1O2,0.9455445544554456,1
IJHNSHDBIRRJRN-UHFFFAOYSA-N,CN(C)CCC(c1ccccc1)c1ccccn1,0.6522277227722773,1
MTCFGRXMJLQNBG-UWTATZPHSA-N,N[C@H](CO)C(=O)O,0.029042904290429,0
LNEPOXFFQSENCJ-UHFFFAOYSA-N,O=C(CCCN1CCC(O)(c2ccc(Cl)cc2)CC1)c1ccc(F)cc1,0.9851485148514852,1
VHFVKMTVMIZMIK-UHFFFAOYSA-N,Clc1cccc(N2CCNCC2)c1,0.4178217821782178,0
FGXWKSZFVQUSTL-UHFFFAOYSA-N,O=c1[nH]c2ccccc2n1CCCN1CCC(n2c(=O)[nH]c3cc(Cl)ccc32)CC1,0.9768976897689768,1
CJXAEXPPLWQRFR-UHFFFAOYSA-N,Clc1ccc(Cn2c(CN3CCCC3)nc3ccccc32)cc1,0.9257425742574258,1
OYPPVKRFBIWMSX-SXGWCWSVSA-N,CN(C)C/C=C(/c1ccc(Br)cc1)c1cccnc1,0.4236798679867986,0
HRRBJVNMSRJFHQ-UHFFFAOYSA-N,COc1ccccc1N1CCN(CC(O)COc2cccc3ccccc23)CC1,0.8399339933993399,1
CJOFXWAVKWHTFT-XSFVSMFZSA-N,COCCCC/C(=N\OCCN)c1ccc(C(F)(F)F)cc1,0.5172795851013671,1
ZPEIMTDSQAKGNT-UHFFFAOYSA-N,CN(C)CCCN1c2ccccc2Sc2ccc(Cl)cc21,0.905940594059406,1
AUVVAXYIELKVAI-CKBKHPSWSA-N,CC[C@H]1CN2CCc3cc(OC)c(OC)cc3[C@@H]2C[C@@H]1C[C@H]1NCCc2cc(OC)c(OC)cc21,0.1579207920792079,0
AFAIELJLZYUNPW-UHFFFAOYSA-N,N=C1C=CC(=C(c2ccc(N)cc2)c2ccc(N)cc2)C=C1,0.531023102310231,1
KUBONGDXTUOOLM-UHFFFAOYSA-N,c1cc(CN2CCCCC2)cc(OCCCNc2nc3ccccc3s2)c1,0.8985148514851485,1
KPZQRBACZSLMPH-UHFFFAOYSA-N,Cc1c(C)c2c(c(C)c1O)CCC(C)(CN1CCN(c3cc(N4CCCC4)nc(N4CCCC4)n3)CC1)O2,0.4610148514851485,0
QOYHHIBFXOOADH-UHFFFAOYSA-N,O=C1NCN(c2ccccc2)C12CCN(CCCC(c1ccc(F)cc1)c1ccc(F)cc1)CC2,0.995049504950495,1
NDNKHWUXXOFHTD-UHFFFAOYSA-N,Cc1sc2ccccc2c1CC1=NCCN1,0.5280528052805281,1
LMYSNFBROWBKMB-UHFFFAOYSA-N,CCCN(CCC)CCc1ccc(O)c(O)c1,0.5226308345120226,1
FTSUPYGMFAPCFZ-ZWNOBZJWSA-N,CCCN1CCC[C@@H]2Cc3n[nH]cc3C[C@H]21,0.4731848184818482,0
CURUTKGFNZGFSE-UHFFFAOYSA-N,CCN(CC)CCOC(=O)C1(C2CCCCC2)CCCCC1,0.3861386138613861,0
NNAIYOXJNVGUOM-UHFFFAOYSA-N,CCNC(=O)N1CCN(CCCC(c2ccc(F)cc2)c2ccc(F)cc2)CC1,0.8415841584158416,1
CFJMRBQWBDQYMK-UHFFFAOYSA-N,CCN(CC)CCOCCOC(=O)C1(c2ccccc2)CCCC1,0.8102085208520853,1
FNYLWPVRPXGIIP-UHFFFAOYSA-N,Nc1nc(N)c2nc(-c3ccccc3)c(N)nc2n1,0.2277227722772277,0
PXXJHWLDUBFPOL-UHFFFAOYSA-N,N=C(N)c1ccccc1,0.1002475247524752,0
SHGAZHPCJJPHSC-XFYACQKRSA-N,CC1=C(/C=C/C(C)=C/C=C/C(C)=C\C(=O)O)C(C)(C)CCC1,0.194059405940594,0
LOUPRKONTZGTKE-LHHVKLHASA-N,C=C[C@H]1CN2CC[C@H]1C[C@@H]2[C@@H](O)c1ccnc2ccc(OC)cc12,0.9603960396039604,1
AUZONCFQVSMFAP-UHFFFAOYSA-N,CCN(CC)C(=S)SSC(=S)N(CC)CC,0.1609146628948609,0
ZKZXNDJNWUTGDK-NSCUHMNNSA-N,O=S(=O)(NCCNC/C=C/c1ccc(Br)cc1)c1cccc2cnccc12,0.5643564356435643,1
GHXZTYHSJHQHIJ-UHFFFAOYSA-N,N=C(NCCCCCCNC(=N)NC(=N)Nc1ccc(Cl)cc1)NC(=N)Nc1ccc(Cl)cc1,0.6625412541254125,1
HUYWAWARQUIQLE-UHFFFAOYSA-N,CCC(NC(C)C)C(O)c1ccc(O)c(O)c1,0.1080858085808581,0
JUDKOGFHZYMDMF-UHFFFAOYSA-N,Oc1cc2c(cc1O)C(c1ccccc1)CNCC2,0.2289603960396039,0
DDUHZTYCFQRHIY-RBHXEPJQSA-N,COC1=CC(=O)C[C@@H](C)[C@]12Oc1c(Cl)c(OC)cc(OC)c1C2=O,0.2821782178217821,0
NLZUEZXRPGMBCV-UHFFFAOYSA-N,Cc1cc(C(C)(C)C)c(O)c(C(C)(C)C)c1,0.179042904290429,0
UVTNFZQICZKOEM-UHFFFAOYSA-N,CC(C)N(CCC(C(N)=O)(c1ccccc1)c1ccccn1)C(C)C,0.6699021687883072,1
GUGOEEXESWIERI-UHFFFAOYSA-N,CC(C)(C)c1ccc(C(O)CCCN2CCC(C(O)(c3ccccc3)c3ccccc3)CC2)cc1,0.9306930693069309,1
SGUAFYQXFOLMHL-UHFFFAOYSA-N,CC(CCc1ccccc1)NCC(O)c1ccc(O)c(C(N)=O)c1,0.3171617161716171,0
JTVPZMFULRWINT-UHFFFAOYSA-N,CCN(CC)CCNC(=O)c1cc(S(C)(=O)=O)ccc1OC,0.228960396039604,0
TVURRHSHRRELCG-UHFFFAOYSA-N,Oc1ccc(C2CNCCc3c2cc(O)c(O)c3Cl)cc1,0.316006600660066,0
MNHDKMDLOJSCGN-UHFFFAOYSA-N,COc1ccccc1N1CCN(CCCCNC(=O)c2ccc3ccccc3c2)CC1,0.9405940594059404,1
WYWIFABBXFUGLM-UHFFFAOYSA-N,Cc1cc(C(C)(C)C)c(O)c(C)c1CC1=NCCN1,0.3369636963696369,0
QCDFBFJGMNKBDO-UHFFFAOYSA-N,Oc1c(I)cc(Cl)c2cccnc12,0.2648514851485148,0
YJZYDPRMWYWYCG-UHFFFAOYSA-N,COc1ccccc1N1CCN(CCN(C(=O)c2ccc(F)cc2)c2ccccn2)CC1,0.7813531353135312,1
DXGLGDHPHMLXJC-UHFFFAOYSA-N,COc1ccc(C(=O)c2ccccc2)c(O)c1,0.2418316831683168,0
RGCVKNLCSQQDEP-UHFFFAOYSA-N,OCCN1CCN(CCCN2c3ccccc3Sc3ccc(Cl)cc32)CC1,0.9554455445544554,1
ZDIGNSYAACHWNL-UHFFFAOYSA-N,CN(C)CCC(c1ccc(Br)cc1)c1ccccn1,0.8234912776991985,1
PHVGLTMQBUFIQQ-UHFFFAOYSA-N,CNCCC=C1c2ccccc2CCc2ccccc21,0.9653465346534652,1
QAIPRVGONGVQAS-DUXPYHPUSA-N,O=C(O)/C=C/c1ccc(O)c(O)c1,0.0594059405940594,0
GGUSQTSTQSHJAH-UHFFFAOYSA-N,OC(CN1CCC(Cc2ccc(F)cc2)CC1)c1ccc(Cl)cc1,0.945874587458746,1
KUAZQDVKQLNFPE-UHFFFAOYSA-N,CN(C)C(=S)SSC(=S)N(C)C,0.1062706270627062,0
QBUVZVXIRYFENV-UHFFFAOYSA-N,C=CCN1CCc2cc(O)c(O)cc2C(c2ccccc2)C1,0.3316831683168317,0
SOYKEARSMXGVTM-UHFFFAOYSA-N,CN(C)CCC(c1ccc(Cl)cc1)c1ccccn1,0.4841348420556342,0
VQLPLYSROCPWFF-QZTJIDSGSA-N,CN(C(=O)Cc1ccc(Cl)c(Cl)c1)[C@@H]1CCCC[C@H]1N1CCCC1,0.4405940594059406,0
MVFGUOIZUNYYSO-UHFFFAOYSA-N,CCCNC(C)C(=O)Nc1ccccc1C,0.1573432343234323,0
PHLBKPHSAVXXEF-UHFFFAOYSA-N,O=c1n(CCCN2CCN(c3cccc(Cl)c3)CC2)nc2ccccn12,0.933993399339934,1
NWIUTZDMDHAVTP-UHFFFAOYSA-N,CC(C)NCC(O)COc1ccc(CCOCC2CC2)cc1,0.4372937293729372,0
AHOUBRCZNHFOSL-YOEHRIQHSA-N,Fc1ccc([C@@H]2CCNC[C@H]2COc2ccc3c(c2)OCO3)cc1,0.7029702970297029,1
SGTNSNPWRIOYBX-UHFFFAOYSA-N,COc1ccc(CCN(C)CCCC(C#N)(c2ccc(OC)c(OC)c2)C(C)C)cc1OC,1.0,1
SOYKEARSMXGVTM-HNNXBMFYSA-N,CN(C)CC[C@@H](c1ccc(Cl)cc1)c1ccccn1,0.4841348420556342,0
VVWYOYDLCMFIEM-UHFFFAOYSA-N,CC(C)[N+](C)(CCOC(=O)C1c2ccccc2Oc2ccccc21)C(C)C,0.556023102310231,1
RAQPOZGWANIDQT-UHFFFAOYSA-N,c1ccc(CCCN2CCN(CCOC(c3ccccc3)c3ccccc3)CC2)cc1,0.9587458745874587,1
PWWVAXIEGOYWEE-UHFFFAOYSA-N,CC(CN1c2ccccc2Sc2ccccc21)N(C)C,0.8821782178217821,1
WAOQONBSWFLFPE-VIFPVBQESA-N,CCN1CCC[C@H]1CNC(=O)c1c(O)c(Cl)cc(Cl)c1OC,0.4732673267326732,0
RPTUSVTUFVMDQK-UHFFFAOYSA-N,NNc1nncc2ccccc12,0.2658415841584158,0
SNICMGDUOVKOPQ-UHFFFAOYSA-N,Fc1ccc(C(OCCCc2c[nH]cn2)c2ccc(F)cc2)cc1,0.8772277227722771,1
FPCCSQOGAWCVBH-UHFFFAOYSA-N,O=C(c1ccc(F)cc1)C1CCN(CCn2c(=O)[nH]c3ccccc3c2=O)CC1,0.5783828382838284,1
XCPGHVQEEXUHNC-UHFFFAOYSA-N,COc1cc(NS(C)(=O)=O)ccc1Nc1c2ccccc2nc2ccccc12,0.8118811881188119,1
WUWDLXZGHZSWQZ-WQLSENKSSA-N,Cc1cc(C)c(/C=C2\C(=O)Nc3ccccc32)[nH]1,0.3415841584158416,0
YECBIJXISLIIDS-UHFFFAOYSA-N,COc1ccc(CN(CCN(C)C)c2ccccn2)cc1,0.962046204620462,1
YAPQBXQYLJRXSA-UHFFFAOYSA-N,Cn1cnc2c1c(=O)[nH]c(=O)n2C,0.1307755775577557,0
OOEUHRGMLFVKQO-UHFFFAOYSA-N,Ic1ccc(N2CCN(Cc3c[nH]c4ncccc34)CC2)cc1,0.6175742574257426,1
WHTVZRBIWZFKQO-UHFFFAOYSA-N,CCN(CC)CCCC(C)Nc1ccnc2cc(Cl)ccc12,0.99009900990099,1
NULAJYZBOLVQPQ-UHFFFAOYSA-N,NCCNc1cccc2ccccc12,0.5052805280528053,1
AQCHWTWZEMGIFD-UHFFFAOYSA-N,Cc1ccccc1N1C(=O)c2cc(S(N)(=O)=O)c(Cl)cc2NC1C,0.2698019801980198,0
HBNPJJILLOYFJU-VMPREFPWSA-N,COCC(=O)O[C@]1(CCN(C)CCCc2nc3ccccc3[nH]2)CCc2cc(F)ccc2[C@@H]1C(C)C,0.9884488448844884,1
HCYAFALTSJYZDH-UHFFFAOYSA-N,CNCCCN1c2ccccc2CCc2ccccc21,0.9851485148514852,1
SJDOMIRMMUGQQK-UHFFFAOYSA-N,COc1ccccc1N1CCN(CCCCN2C(=O)c3ccccc3C2=O)CC1,0.9108910891089108,1
NAUWTFJOPJWYOT-UHFFFAOYSA-N,Fc1ccc(C(OCCN2CCN(CCCc3ccccc3)CC2)c2ccc(F)cc2)cc1,0.995049504950495,1
WSEQXVZVJXJVFP-UHFFFAOYSA-N,CN(C)CCCC1(c2ccc(F)cc2)OCc2cc(C#N)ccc21,0.99009900990099,1
LIHCKGZEDBNUJG-UHFFFAOYSA-N,CN1CCc2cc(O)c(O)cc2C(c2ccccc2)C1,0.2878712871287128,0
HNJJXZKZRAWDPF-UHFFFAOYSA-N,CN(C)CCN(Cc1cccs1)c1ccccn1,0.733085808580858,1
BCGWQEUPMDMJNV-UHFFFAOYSA-N,CN(C)CCCN1c2ccccc2CCc2ccccc21,1.0,1
