key,smiles,activity10
FNKBVTBXFLSTPB-LBPRGKRZSA-N,CCCN(CCC)[C@H]1CCc2c(F)ccc(O)c2C1,0.38501885902876004
MDMWHKZANMNXTF-UHFFFAOYSA-N,COC(=O)c1c(C)[nH]c(C)c1C(=O)c1ccccc1Cc1ccccc1,0.45792079207920794
BGMZUEKZENQUJY-UHFFFAOYSA-N,COc1cc(CC(C)N)c(OC)cc1I,0.16303630363036306
NIGWMJHCCYYCSF-UHFFFAOYSA-N,NC(Cc1ccc(Cl)cc1)C(=O)O,0.23267326732673269
OCOKWVBYZHBHLU-UHFFFAOYSA-N,CC(C)COC(=O)OCN1C(=O)CN(CCN2CC(=O)N(COC(=O)OCC(C)C)C(=O)C2)CC1=O,0.1575907590759076
MGWAVDBGNNKXQV-UHFFFAOYSA-N,CC(C)COC(=O)c1ccccc1C(=O)OCC(C)C,0.13358085808580858
UIKROCXWUNQSPJ-UHFFFAOYSA-N,CN1C(=O)CCC1c1cccnc1,0.2834983498349835
QFMDFTQOJHFVNR-UHFFFAOYSA-N,CCc1ccc(C(c2ccc(CC)cc2)C(Cl)Cl)cc1,0.8906765676567657
BJIPVHLRWSDKOS-UHFFFAOYSA-N,O=S1(=O)N(CCN2CC=C(c3c[nH]c4cc(F)ccc34)CC2)c2cccc3c2N1CCC3,0.620049504950495
GFBKORZTTCHDGY-UWVJOHFNSA-N,CN1CCN(CC/C=C2/c3ccccc3Sc3ccc(S(=O)(=O)N(C)C)cc32)CC1,0.780940594059406
USYQKCQEVBFJRP-UHFFFAOYSA-N,Brc1cccc(-c2ccccc2)c1,0.5396039603960396
HQVHOQAKMCMIIM-HXUWFJFHSA-N,Cc1c(C(=O)c2cccc3ccccc23)c2cccc3c2n1[C@H](CN1CCOCC1)CO3,0.6127062706270627
HPMRFMKYPGXPEP-UHFFFAOYSA-N,c1ccc2c(c1)OCC(C1=NCCN1)O2,0.30445544554455445
LLBLNMUONVVVPG-UHFFFAOYSA-N,OC1(c2ccc(Cl)cc2)CCN(Cc2c[nH]c3ccccc23)CC1,0.7574257425742574
WQGWDDDVZFFDIG-UHFFFAOYSA-N,Oc1cccc(O)c1O,0.056270627062706274
JPMIIZHYYWMHDT-UHFFFAOYSA-N,CCCCCCCCn1sccc1=O,0.6534653465346535
PQRRSJBLKOPVJV-UHFFFAOYSA-N,BrCC(Br)C1CCC(Br)C(Br)C1,0.48514851485148514
AQTITSBNGSVQNZ-UHFFFAOYSA-N,CC1Cc2cc3c(cc2C(c2ccc(N)cc2)=NN1)OCO3,0.41204620462046204
GTBGXKPAKVYEKJ-UHFFFAOYSA-N,C=C(C)C(=O)OCCCCCCCCCC,0.41454502593116455
CTSPAMFJBXKSOY-UHFFFAOYSA-N,Cc1c2ccncc2c(C)c2c1[nH]c1ccccc12,0.7103960396039604
WBWFIUAVMCNYPG-BQYQJAHWSA-N,Cn1c(=O)c2c(nc(/C=C/c3cccc(Cl)c3)n2C)n(C)c1=O,0.3915959453088166
QLJOSZATCBCBDR-DFKUFRTHSA-N,NC[C@@H]1O[C@H](C23CC4CC(CC(C4)C2)C3)Cc2c1ccc(O)c2O,0.37046204620462053
GYSZUJHYXCZAKI-UHFFFAOYSA-N,COc1cccc(OC)c1OCCNCC1COc2ccccc2O1,0.7021452145214521
UUSHFEVEROROSP-UHFFFAOYSA-N,CCCOC(=O)c1c(-c2ccccc2)nc(CC)c(C(=O)SCC)c1CCC,0.4049504950495049
BGIYKDUASORTBB-UHFFFAOYSA-N,O=[N+]([O-])c1ccc(-c2nc(-c3ccc(F)cc3)c(-c3ccncc3)[nH]2)cc1,0.7871287128712872
QDLHCMPXEPAAMD-ZGSWIPFCSA-N,COC[C@H]1OC(=O)c2coc3c2[C@@]1(C)C1=C(C3=O)C2CCC(=O)[C@@]2(C)C[C@H]1OC(C)=O,0.20635313531353133
YNZFUWZUGRBMHL-UHFFFAOYSA-N,OCCN1CCN(CCCN2c3ccccc3C=Cc3ccccc32)CC1,0.8778877887788777
OCAXFDULERPAJM-UHFFFAOYSA-N,CN1C2CCC1CC(OC(c1ccccc1)c1ccc(Cl)cc1)C2,0.8589108910891089
ZLCUIOWQYBYEBG-UHFFFAOYSA-N,Cc1ccc2c(c1N)C(=O)c1ccccc1C2=O,0.25330033003300334
NYKCGQQJNVPOLU-KCZVDYSFSA-N,CN(C(=O)Cc1ccc(Cl)c(Cl)c1)[C@@H]1CC[C@]2(CCCO2)C[C@H]1N1CCCC1,0.5371287128712872
IISBACLAFKSPIT-UHFFFAOYSA-N,CC(C)(c1ccc(O)cc1)c1ccc(O)cc1,0.43399339933993397
GGDBEAVVGFNWIA-UHFFFAOYSA-N,O=[N+]([O-])c1ccc2nc(N3CCNCC3)ccc2c1,0.44554455445544555
CHYBTAZWINMGHA-UHFFFAOYSA-N,CCCCCCCC[N+](CCCCCCCC)(CCCCCCCC)CCCCCCCC,1.0
ORZROTLRYOYVPB-UHFFFAOYSA-N,COC(=O)c1c(-c2cc(OC)c(OC)c(OC)c2)c2ccc(OCc3ccccn3)cc2c(=O)n1-c1ccc(N)cc1,0.5313531353135313
ASXGJMSKWNBENU-CQSZACIVSA-N,CCCN(CCC)[C@@H]1CCc2cccc(O)c2C1,0.35767326732673266
VMQJSWQUKLAPAJ-UHFFFAOYSA-N,CCCCN1CCC(n2c(=O)[nH]c3ccccc32)CC1,0.9158415841584159
IDEHCMNLNCJQST-UHFFFAOYSA-N,NCCCCCCNS(=O)(=O)c1cccc2c(Cl)cccc12,0.7821782178217822
GOTMKOSCLKVOGG-UHFFFAOYSA-N,CN1CCc2cc(Cl)c(O)cc2C(c2ccccc2)C1,0.42772277227722777
IGFHQQFPSIBGKE-UHFFFAOYSA-N,CCCCCCCCCc1ccc(O)cc1,0.8004950495049504
GKCGWXNLOYTUNC-UHFFFAOYSA-N,C1CCC(/N=C(\NC23CC4CC(CC(C4)C2)C3)N2CCOCC2)CC1,0.4034653465346535
ATYLRBXENHNROH-UHFFFAOYSA-N,Clc1ccc(C(Cl)(Cl)Cl)cc1Cl,0.5425742574257425
VHSBBVZJABQOSG-MRXNPFEDSA-N,COc1ccc(CCNC[C@@H](O)c2ccc(O)cc2)cc1OC,0.4700495049504951
NUOYMOJXFODLFN-UHFFFAOYSA-N,NCC(O)C1CCCCCCC1,0.14273927392739275
FFFWNLITWYXBHY-ZHACJKMWSA-N,CC(COc1ccc(/C=C/c2ccccc2)cc1)[N+](C)(C)C,0.6851249410655351
LKPLKUMXSAEKID-UHFFFAOYSA-N,O=[N+]([O-])c1c(Cl)c(Cl)c(Cl)c(Cl)c1Cl,0.2838283828382838
MFLWLDDOGSNSKO-UHFFFAOYSA-N,C=CCOC(=O)CCCCCCCC,0.582036775106082
VPKMGDRERYMTJX-CMDGGOBGSA-N,CCC(=O)/C=C/C1C(C)=CCCC1(C)C,0.15858085808580857
QOSSAOTZNIDXMA-UHFFFAOYSA-N,C(=NC1CCCCC1)=NC1CCCCC1,0.7462871287128713
UKHFPVCOXBJPIN-UHFFFAOYSA-N,COC(=O)c1cc2c(cn1)[nH]c1ccccc12,0.34075907590759075
ULALSFRIGPMWRS-UHFFFAOYSA-N,O=[N+]([O-])c1cc([N+](=O)[O-])c2ccccc2c1,0.39455445544554457
JWZXKXIUSSIAMR-UHFFFAOYSA-N,N#CSCSC#N,0.2722772277227723
GVEPBJHOBDJJJI-UHFFFAOYSA-N,c1ccc2c(c1)-c1cccc3cccc-2c13,0.7155115511551156
DQVARXSGNFBPMB-UHFFFAOYSA-N,COc1cccc(C(=O)NCCN2CCN(c3ccc(Cl)cc3)CC2)c1,0.6047854785478547
VMWNQDUVQKEIOC-UHFFFAOYSA-N,CN1CCc2cccc3c2C1Cc1ccc(O)c(O)c1-3,0.8754125412541253
AHXGXXJEEHFHDK-UHFFFAOYSA-N,Oc1ccc2cc(SSc3ccc4cc(O)ccc4c3)ccc2c1,0.4942244224422442
VHHHONWQHHHLTI-UHFFFAOYSA-N,ClC(Cl)(Cl)C(Cl)(Cl)Cl,0.12046204620462048
YAORIDZYZDUZCM-UHFFFAOYSA-N,c1ccc(C2CC2)c(OCC2=NCCN2)c1,0.6815181518151815
OXZMQFKVNVQMLI-UHFFFAOYSA-N,COc1ccc(CCN(C)CCc2ccc(OC)c(OC)c2)cc1OC,0.9752475247524752
LDVVMCZRFWMZSG-UHFFFAOYSA-N,O=C1C2CC=CCC2C(=O)N1SC(Cl)(Cl)Cl,0.21212871287128712
MHCVYAFXPIMYRD-UHFFFAOYSA-N,c1ccc(SCCSc2ccccc2)cc1,0.5003300330033005
WDXRGPWQVHZTQJ-OSJVMJFVSA-N,C/C=C1\C(=O)C[C@H]2[C@@H]3CCC4=CC(=O)CC[C@]4(C)[C@H]3CC[C@]12C,0.25495049504950495
KZSNBJMYJWDVTK-UHFFFAOYSA-N,Clc1ccc(C(Cl)(Cl)Cl)c(Cl)c1,0.38333333333333336
YNZFFALZMRAPHQ-SYYKKAFVSA-N,CCCCCCC(C)(C)c1ccc([C@@H]2C[C@H](O)CC[C@H]2CCCO)c(O)c1,0.4682343234323432
XJLGXHIRSHTRPQ-UHFFFAOYSA-N,CCCn1c(=O)c2nc(C3CCCC3)[nH]c2n(CCCOC(=O)c2ccc(S(=O)(=O)F)cc2)c1=O,0.43873762376237624
WWUZIQQURGPMPG-KRWOKUGFSA-N,CCCCCCCCCCCCC/C=C/[C@@H](O)[C@@H](N)CO,0.43729372937293726
PAJPWUMXBYXFCZ-UHFFFAOYSA-N,NC1(C(=O)O)CC1,0.043894389438943894
CBEQULMOCCWAQT-WOJGMQOQSA-N,Cc1ccc(/C(=C\CN2CCCC2)c2ccccn2)cc1,0.4628712871287129
GHCCBWMZKJQGLS-UHFFFAOYSA-N,O=C(Cc1ccc(Cl)c(Cl)c1)N1CCCCC1CN1CCCC1,0.4900990099009901
JFHCDEYLWGVZMX-CMDGGOBGSA-N,CC(C)CCOC(=O)/C=C/c1ccccc1,0.1906883545497407
QQBPLXNESPTPNU-KTKRTIGZSA-N,CCCCCCCC/C=C\CCCCCCCC(=O)NCCc1ccc(O)c(O)c1,0.49504950495049505
SPHRJZBOFYIKMC-UHFFFAOYSA-N,C#CCOC(=O)C1=CCCN(C)C1,0.11592409240924091
QBDSZLJBMIMQRS-UHFFFAOYSA-N,CC(C)(c1ccccc1)c1ccc(O)cc1,0.5350660066006601
VFIDUCMKNJIJTO-UHFFFAOYSA-N,Cc1ccc(OCC(O)C(C)NC(C)C)c2c1CCC2,0.6856435643564357
QNBCPLWFVGLFHO-CYBMUJFWSA-N,CN1CCc2cc(O)cc3c2[C@H]1Cc1ccc(O)c(O)c1-3,0.3915016501650165
MTZVJHSZYMWIAG-UHFFFAOYSA-N,CCS(=O)(=O)Nc1cccc(C(=C2CCCCC2)c2c[nH]cn2)c1,0.5132013201320133
QDKUSZZMIFQVPN-UHFFFAOYSA-N,Oc1ccc(C2CNCc3sccc32)cc1O,0.2079207920792079
VEORPZCZECFIRK-UHFFFAOYSA-N,CC(C)(c1cc(Br)c(O)c(Br)c1)c1cc(Br)c(O)c(Br)c1,0.29455445544554454
BYGXICRJQZKUPA-UHFFFAOYSA-N,NC(=O)CNCCC(c1ccccc1)c1ccccc1,0.4995874587458745
ACIMRXKJKQGBGL-UHFFFAOYSA-N,NCCNS(=O)(=O)c1cccc2c(Cl)cccc12,0.5346534653465347
MQNYRKWJSMQECI-QFIPXVFZSA-N,CC[C@H](NC(=O)c1c(C)c(-c2ccccc2)nc2ccccc12)c1ccccc1,0.4224422442244225
AKXCFAYOTIEFOH-XTNAHFASSA-N,C=CCN1CC[C@]23c4c5ccc(O)c4O[C@H]2/C(=N/NC(=O)c2ccccc2)CC[C@@]3(O)[C@H]1C5,0.37830033003300323
TUCIOBMMDDOEMM-RIYZIHGNSA-N,N#C/C(=C\c1ccc(O)c(O)c1)C(=O)NCc1ccccc1,0.17326732673267325
AAALVYBICLMAMA-UHFFFAOYSA-N,O=C1NC(=O)c2cc(Nc3ccccc3)c(Nc3ccccc3)cc21,0.46782178217821785
AGKRHAILCPYNFH-DUQSFWPASA-N,CCCCCCCCCCC/C=C\C(C)(C)/C=C\CCCC(=O)O,0.4381188118811881
AFZSMODLJJCVPP-UHFFFAOYSA-N,c1ccc2sc(SSc3nc4ccccc4s3)nc2c1,0.39603960396039606
LCFVJGUPQDGYKZ-UHFFFAOYSA-N,CC(C)(c1ccc(OCC2CO2)cc1)c1ccc(OCC2CO2)cc1,0.7541254125412542
GFIPROCAVXFHHK-VOTSOKGWSA-N,Cc1ccccc1/C=C/C1=NCCN1,0.23762376237623759
YNNUSGIPVFPVBX-UHFFFAOYSA-N,CN1CCCC1CCOC(C)(c1ccccc1)c1ccc(Cl)cc1,0.9603960396039604
WZUVPPKBWHMQCE-CJNGLKHVSA-N,Oc1cc2c(cc1O)[C@H]1c3ccc(O)c(O)c3OC[C@@]1(O)C2,0.20297029702970298
AOOSJYIINXVNHV-UHFFFAOYSA-N,CCCCN1CCC(COC(=O)c2cc(Cl)c(N)c3c2OCCO3)CC1,0.7029702970297029
BYUCSFWXCMTYOI-ZRDIBKRKSA-N,O=C1O/C(=C/Br)CCC1c1cccc2ccccc12,0.7821782178217822
VMMDOCYDNRLESP-UHFFFAOYSA-N,CC(=O)Nc1ccc(C(=O)CCl)cc1,0.07838283828382839
PCTRYMLLRKWXGF-UHFFFAOYSA-N,CCCCNc1c(C(=O)OCC)c(C)nc2c1cnn2CC,0.5354785478547854
GPAPPPVRLPGFEQ-UHFFFAOYSA-N,O=S(=O)(c1ccc(Cl)cc1)c1ccc(Cl)cc1,0.9174917491749174
DRCMAZOSEIMCHM-UHFFFAOYSA-N,Oc1cc2c(cc1O)CN(C(=S)NCCc1ccc(Cl)cc1)CCC2,0.5420792079207921
LSIKFJXEYJIZNB-UHFFFAOYSA-N,O=[N+]([O-])c1c2ccccc2cc2ccccc12,0.7367986798679869
FFUBTEITUNMMOK-NXVVXOECSA-N,C/N=c1/nc(-c2ccccc2)n(-c2ccccc2)s1,0.4900990099009901
UAIYNMRLUHHRMF-AATRIKPKSA-N,CC(/C=C/c1cccc(Oc2ccc(F)cc2)c1)N(O)C(N)=O,0.3094059405940594
AQHHHDLHHXJYJD-CQSZACIVSA-N,CC(C)NC[C@@H](O)COc1cccc2ccccc12,0.4584158415841583
YFCDLVPYFMHRQZ-UHFFFAOYSA-N,O=NN(CCO)CCO,0.14655822725129658
QJQORSLQNXDVGE-UHFFFAOYSA-N,Cn1ccc2cc3c(cc21)CCN3C(=O)Nc1cccnc1,0.33910891089108913
XQLWNAFCTODIRK-UHFFFAOYSA-N,COc1ccc(CCN(C)CCCC(C#N)(c2cc(OC)c(OC)c(OC)c2)C(C)C)cc1OC,0.9851485148514851
WFLHEXUTTRRXFJ-UHFFFAOYSA-N,CC(C)Oc1cccnc1N(C)C1CCN(Cc2ccccc2)CC1,0.7599009900990099
DXDRHHKMWQZJHT-FPYGCLRLSA-N,O=C(/C=C/c1ccc(O)cc1)c1ccc(O)cc1O,0.15841584158415842
IUMQXQJZIHWLIN-HSZRJFAPSA-N,COC(=O)[C@H](NC(=O)c1cc(-c2ccccc2)nc2ccccc12)c1ccccc1,0.3294554455445544
SMANXXCATUTDDT-QPJJXVBHSA-N,Fc1ccc(C(c2ccc(F)cc2)N2CCN(C/C=C/c3ccccc3)CC2)cc1,0.9554455445544554
FRCCEHPWNOQAEU-UHFFFAOYSA-N,ClC1=C(Cl)C2(Cl)C3C(Cl)C=CC3C1(Cl)C2(Cl)Cl,0.3056930693069307
RTHCYVBBDHJXIQ-INIZCTEOSA-N,CNCC[C@H](Oc1ccc(C(F)(F)F)cc1)c1ccccc1,1.0
UAKWLVYMKBWHMX-PTNGSMBKSA-N,CN(C)c1ccc(/C=C2\C(=O)Nc3ccccc32)cc1,0.6683168316831684
JUUFBMODXQKSTD-UHFFFAOYSA-N,CCOC(=O)Nc1ccc(NCc2ccc(F)cc2)nc1N,0.34918670438472416
HXCNRYXBZNHDNE-UHFFFAOYSA-N,Cc1nc2ccccn2c(=O)c1CCN1CCC(C(=O)c2ccc(F)cc2)CC1,0.6783828382838283
GOMAKLPNAAZVCJ-UHFFFAOYSA-N,CCOC(=O)C1OC1c1ccccc1,0.25413719943422913
SMEROWZSTRWXGI-HVATVPOCSA-N,C[C@H](CCC(=O)O)[C@H]1CC[C@H]2[C@@H]3CC[C@@H]4C[C@H](O)CC[C@]4(C)[C@H]3CC[C@]12C,0.3378712871287129
UTGQNNCQYDRXCH-UHFFFAOYSA-N,c1ccc(Nc2ccc(Nc3ccccc3)cc2)cc1,0.7846534653465347
JNRLEMMIVRBKJE-UHFFFAOYSA-N,CN(C)c1ccc(Cc2ccc(N(C)C)cc2)cc1,0.8696369636963698
ZZJYIKPMDIWRSN-HWBMXIPRSA-N,CC(C)(C)[C@]1(O)CCN2C[C@H]3c4ccccc4CCc4cccc(c43)[C@@H]2C1,0.6089108910891089
CTKNMSVWMRRCPW-UHFFFAOYSA-N,Clc1ccc(C(c2ccc(Cl)cc2)[n+]2ccn(CC(OCc3ccc(Cl)cc3Cl)c3ccc(Cl)cc3Cl)c2)cc1,0.9400990099009902
AAFXQFIGKBLKMC-KQQUZDAGSA-N,O=C(O)/C=C/c1ccc(/C=C/C(=O)O)cc1,0.09075907590759075
XRZYELWZLNAXGE-KPKJPENVSA-N,CC(C)(C)c1cc(/C=C(\C#N)C(N)=S)cc(C(C)(C)C)c1O,0.25248703441772746
BXIXXXYDDJVHDL-UHFFFAOYSA-N,Nc1ccc(Cl)cc1N,0.2146864686468647
BFNCJMURTMZBTE-UHFFFAOYSA-N,CCc1cccc(N(C)C(=N)Nc2cccc3ccccc23)c1,0.6031353135313531
QDERNBXNXJCIQK-UHFFFAOYSA-N,CCN(c1nc(N)c(C(=O)NC(=N)N)nc1Cl)C(C)C,0.25330033003300334
KNADXBVKFAUMCR-UHFFFAOYSA-N,CCCN(CC1CC1)c1nc(C)nc(Nc2c(Cl)cc(Cl)cc2Cl)c1Cl,0.7376237623762376
KEQFTVQCIQJIQW-UHFFFAOYSA-N,c1ccc(Nc2ccc3ccccc3c2)cc1,0.7180693069306929
GUUHFMWKWLOQMM-NTCAYCPXSA-N,CCCCCC/C(C=O)=C\c1ccccc1,0.5251650165016502
QNGVNLMMEQUVQK-UHFFFAOYSA-N,CCN(CC)c1ccc(N)cc1,0.2971947194719472
MTBYTWZDRVOMBR-UHFFFAOYSA-N,O=[N+]([O-])c1cc(Cl)c(Cl)c(Cl)c1Cl,0.29158415841584157
HTHGAIADRJRJOY-SNVBAGLBSA-N,Brc1ccc([C@H]2CN3CCSC3=N2)cc1,0.3032178217821782
XQVWYOYUZDUNRW-UHFFFAOYSA-N,c1ccc(Nc2cccc3ccccc23)cc1,0.7180693069306929
MBMQEIFVQACCCH-QBODLPLBSA-N,C[C@H]1CCCC(=O)CCC/C=C/c2cc(O)cc(O)c2C(=O)O1,0.32425742574257427
LHHGDZSESBACKH-UHFFFAOYSA-N,O=C1C2(Cl)C3(Cl)C4(Cl)C(Cl)(Cl)C5(Cl)C3(Cl)C1(Cl)C5(Cl)C24Cl,0.09163916391639162
PXWNBAGCFUDYBE-UHFFFAOYSA-N,Nc1ccccc1C(=O)OCCc1ccccc1,0.5541254125412541
ZZMVLMVFYMGSMY-UHFFFAOYSA-N,CC(C)CC(C)Nc1ccc(Nc2ccccc2)cc1,0.7673267326732673
PXMNMQRDXWABCY-UHFFFAOYSA-N,CC(C)(C)C(O)(CCc1ccc(Cl)cc1)Cn1cncn1,0.5886138613861387
VADSDVGLFDVIMG-UHFFFAOYSA-N,CCCCCCc1ccc(-c2ccc(C#N)cc2)cc1,0.9702970297029703
SPSSDDOTEZKOOV-UHFFFAOYSA-N,Clc1nc2ccccc2nc1Cl,0.30445544554455445
HZEVDVGPBUFIAW-JKHIJQBDSA-N,CCCCN1[C@@H]2CC[C@H]1C[C@@H](OC(c1ccc(F)cc1)c1ccc(F)cc1)C2,0.8923267326732673
ISEHJSHTIVKELA-UHFFFAOYSA-N,CC(C)NC(C)Cc1ccc(I)cc1,0.3618576143328619
RMBFBMJGBANMMK-UHFFFAOYSA-N,Cc1ccc([N+](=O)[O-])cc1[N+](=O)[O-],0.1975247524752475
JPIYZTWMUGTEHX-UHFFFAOYSA-N,CN(C)c1ccc(C(=N)c2ccc(N(C)C)cc2)cc1,0.5576732673267326
BXCBUWKTXLWPSB-UHFFFAOYSA-N,O=[N+]([O-])c1ccccc1CCl,0.18811881188118812
RVFIAQAAZUEPPE-UHFFFAOYSA-N,COc1cc(N)c(Cl)cc1C(=O)OCCN1CCCCC1,0.5989686468646864
YKYOQIXTECBVBB-AWEZNQCLSA-N,CCOC(=O)c1ncn2c1[C@@H]1CCCN1C(=O)c1cc(OC)ccc1-2,0.2893564356435644
XWHHYOYVRVGJJY-QMMMGPOBSA-N,N[C@@H](Cc1ccc(F)cc1)C(=O)O,0.16336633663366337
KEECCEWTUVWFCV-UHFFFAOYSA-N,CCN(CC)CCNC(=O)c1ccc(NC(C)=O)cc1,0.06435643564356436
PDMUULPVBYQBBK-UHFFFAOYSA-N,CCCCOc1cc(CC2CNC(=O)N2)ccc1OC,0.7310231023102312
YONZEVQTIYSTAP-UHFFFAOYSA-N,Cc1cccc(C)c1OCC(N)C(C)C,0.16600660066006603
WSLTYZVXORBNLB-UHFFFAOYSA-N,Ic1ccccc1CNC1C2CCN(CC2)C1C(c1ccccc1)c1ccccc1,0.8094059405940595
NCYCYZXNIZJOKI-HWCYFHEPSA-N,CC1=C(/C=C/C(C)=C/C=C/C(C)=C\C=O)C(C)(C)CCC1,0.2396039603960396
XGWATTXMMMANFJ-UHFFFAOYSA-N,CC(C)(C=O)Cc1cc(C(C)(C)C)c(O)c(C(C)(C)C)c1,0.24125412541254126
LCCNCVORNKJIRZ-UHFFFAOYSA-N,CCOP(=S)(OCC)Oc1ccc([N+](=O)[O-])cc1,0.4320957095709571
UMPSXRYVXUPCOS-UHFFFAOYSA-N,Oc1cccc(Cl)c1Cl,0.21221122112211221
UVYVLBIGDKGWPX-XJVHMSFUSA-N,C[C@@H]1CC[C@@]2(OC1)O[C@H]1[C@@H](O)[C@H]3[C@@H]4CC[C@H]5C[C@@H](O[C@@H]6O[C@H](CO)[C@H](O[C@@H]7O[C@H](CO)[C@@H](O)[C@H](O[C@@H]8OC[C@@H](O)[C@H](O)[C@H]8O)[C@H]7O[C@@H]7O[C@H](CO)[C@@H](O)[C@H](O[C@@H]8O[C@H](CO)[C@@H](O)[C@H](O)[C@H]8O)[C@H]7O)[C@H](O)[C@H]6O)[C@H](O)C[C@]5(C)[C@H]4CC[C@]3(C)[C@H]1[C@@H]2C,0.5070957095709571
VGEREEWJJVICBM-UHFFFAOYSA-N,O=C(CCc1ccc(O)cc1)c1c(O)cc(O)cc1O,0.2957920792079208
PEWVMQDYYUSPRM-UHFFFAOYSA-N,c1ccc2c(c1)[IH]c1ccccc1-2,0.6864686468646864
YXOLAZRVSSWPPT-UHFFFAOYSA-N,O=c1c(O)c(-c2ccc(O)cc2O)oc2cc(O)cc(O)c12,0.0297029702970297
LXFHSCDLMBZYKY-UHFFFAOYSA-N,CN1CCN(c2nc3cc(C(F)(F)F)ccc3n3cccc23)CC1,0.6076732673267327
GZQHTWYWDSMEAW-UHFFFAOYSA-N,COc1ccccc1N1CCN(CCCCNS(=O)(=O)c2cccc3c(N(C)C)cccc23)CC1,0.5198019801980198
ZQTVCQIJTREKSP-UHFFFAOYSA-N,CCC(=O)c1ccc2c(c1)N(CCCN(C)C)c1ccccc1S2,0.6173385195662424
VUWXAQFLTSBUDB-UHFFFAOYSA-N,CCCCCCN(CCCCCC)C(=O)Cc1c(-c2ccc(F)cc2)[nH]c2ccccc12,0.7727015558698728
IWRVPXDHSLTIOC-NXVVXOECSA-N,Nc1ccc(/N=N\c2ccccc2)c(N)c1,0.37417491749174914
UCNVFOCBFJOQAL-UHFFFAOYSA-N,ClC(Cl)=C(c1ccc(Cl)cc1)c1ccc(Cl)cc1,0.6617161716171617
IAKOZHOLGAGEJT-UHFFFAOYSA-N,COc1ccc(C(c2ccc(OC)cc2)C(Cl)(Cl)Cl)cc1,0.7965346534653466
LOGJQOUIVKBFGH-YBEGLDIGSA-N,CN(C)S(=O)(=O)c1ccc2c(c1)/C(=C/c1cc3c([nH]1)CCCC3)C(=O)N2,0.33993399339933994
RINPELQWLUGERM-UHFFFAOYSA-N,CCCCOC(=O)NS(=O)(=O)c1sc(CC(C)C)cc1-c1ccc(Cn2c(CC)nc3c(C)cc(C)nc32)cc1,0.5433168316831684
KXDROGADUISDGY-UHFFFAOYSA-N,N/C(=N\C(=O)c1nc(Cl)c(N)nc1N)NCc1ccccc1,0.2211221122112211
BLGXFZZNTVWLAY-DIRVCLHFSA-N,COC(=O)[C@H]1[C@H]2C[C@H]3c4[nH]c5ccccc5c4CCN3C[C@H]2CC[C@@H]1O,0.3927392739273927
VFLDPWHFBUODDF-FCXRPNKRSA-N,COc1cc(/C=C/C(=O)CC(=O)/C=C/c2ccc(O)c(OC)c2)ccc1O,0.7607260726072607
SUAUILGSCPYJCS-UHFFFAOYSA-N,COc1c(C(C)(C)C)cc([N+](=O)[O-])c(C)c1[N+](=O)[O-],0.24455445544554455
HWKROQUZSKPIKQ-MRXNPFEDSA-N,CC1CCN(CC[C@H]2CCCN2S(=O)(=O)c2cccc(O)c2)CC1,0.3943894389438944
LYIXDMRSDTZYCF-NYYWCZLTSA-N,COc1ccc(NC(=O)/C=C/c2ccc(Cl)cc2)cc1,0.4034653465346535
DEYFWGXTPWNADC-UHFFFAOYSA-N,CCCN(CCc1ccccc1)C1CCc2c(O)cccc2C1,0.7834158415841584
MXYUKLILVYORSK-HBMCJLEFSA-N,CN1[C@@H](CC(=O)c2ccccc2)CCC[C@H]1C[C@H](O)c1ccccc1,0.8118811881188119
XJCLWVXTCRQIDI-UHFFFAOYSA-N,C=C(Cl)CSC(=S)N(CC)CC,0.1955917020273456
XXUNIGZDNWWYED-UHFFFAOYSA-N,Cc1ccccc1C(N)=O,0.04455445544554455
JCSGFHVFHSKIJH-UHFFFAOYSA-N,Cn1cc(C2=C(c3ccc(Cl)cc3Cl)C(=O)NC2=O)c2ccccc21,0.6485148514851485
NCYCYZXNIZJOKI-OVSJKPMPSA-N,CC1=C(/C=C/C(C)=C/C=C/C(C)=C/C=O)C(C)(C)CCC1,0.2396039603960396
MZOPWQKISXCCTP-UHFFFAOYSA-N,CC(C)(C)c1cc(C=C(C#N)C#N)cc(C(C)(C)C)c1O,0.31996699669966994
YBQZXXMEJHZYMB-UHFFFAOYSA-N,c1ccc(NNc2ccccc2)cc1,0.3572607260726072
ANUSOIHIIPAHJV-UHFFFAOYSA-N,Oc1ccc(Cl)cc1Sc1cc(Cl)ccc1O,0.5924092409240924
BLYMJBIZMIGWFK-OAHLLOKOSA-N,CCCN(CCC)[C@@H]1CCc2ccc(O)cc2C1,0.4401815181518152
OEJNXTAZZBRGDN-UHFFFAOYSA-N,C=C1C(CCl)(CCl)C2(Cl)C(Cl)C(Cl)C1(Cl)C2(Cl)Cl,0.2829207920792079
JJAWGNIQEOFURP-UHFFFAOYSA-N,O=c1ccc2c(OCCCCc3ccccc3)c3ccoc3cc2o1,0.9504950495049505
ALFGDCNSEBJYSP-UHFFFAOYSA-N,CC(N)Cc1c[nH]c2ccc(OCc3cccs3)cc12,0.4451320132013202
QDYTUZCWBJRHKK-UHFFFAOYSA-N,OCc1c[nH]cn1,0.06410891089108911
BDNKZNFMNDZQMI-UHFFFAOYSA-N,CC(C)N=C=NC(C)C,0.15676567656765678
BYYQYXVAWXAYQC-IBGZPJMESA-N,CC(=O)N[C@@H](Cc1c[nH]c2ccccc12)C(=O)OCc1cc(C(F)(F)F)cc(C(F)(F)F)c1,0.5321782178217822
LJDRQPOQHHOXHM-HIFRSBDPSA-N,CCCN1CC[C@@H]2c3cc(O)ccc3CC[C@@H]21,0.33910891089108913
OUBMGJOQLXMSNT-UHFFFAOYSA-N,CC(C)Nc1ccc(Nc2ccccc2)cc1,0.6988448844884488
HLVVITIHAZBPKB-UHFFFAOYSA-N,Nc1c2c(nc3ccccc13)CCCC2O,0.47277227722772275
QNLZIZAQLLYXTC-UHFFFAOYSA-N,Cc1ccc2ccccc2c1C,0.7603135313531352
IRIAEXORFWYRCZ-UHFFFAOYSA-N,CCCCOC(=O)c1ccccc1C(=O)OCc1ccccc1,0.43729372937293737
DQCKKXVULJGBQN-FOCMDNRUSA-N,O=C1CC[C@@]2(O)C3Cc4ccc(O)c5c4C2(CCN3CC2CC2)[C@H]1O5,0.3292079207920792
YDBCEBYHYKAFRX-UHFFFAOYSA-N,COc1ccc(NC(=O)c2ccc(-c3ccc(-c4noc(C)n4)cc3C)cc2)cc1N1CCN(C)CC1,0.594059405940594
NGNALWDRPKNJGR-UHFFFAOYSA-N,O=C(O)C1=CCCN(CCON=C(c2ccccc2)c2ccccc2)C1,0.4092409240924092
JYCQQPHGFMYQCF-UHFFFAOYSA-N,CC(C)(C)CC(C)(C)c1ccc(OCCO)cc1,0.34232673267326735
ZQBAKBUEJOMQEX-UHFFFAOYSA-N,O=C(Oc1ccccc1)c1ccccc1O,0.3094059405940594
CVUGPAFCQJIYDT-UHFFFAOYSA-N,Clc1ccc(C(c2ccccc2Cl)C(Cl)(Cl)Cl)cc1,0.9603960396039604
UGNWTBMOAKPKBL-UHFFFAOYSA-N,O=C1C(Cl)=C(Cl)C(=O)C(Cl)=C1Cl,0.26113861386138615
PTGXAUBQBSGPKF-UHFFFAOYSA-N,CC(CCc1ccccc1)NC(C)C(O)c1ccc(O)cc1,0.44389438943894394
FMETVQKSDIOGPX-UHFFFAOYSA-N,Nc1ncnc2c1c(-c1ccc(Oc3ccccc3)cc1)cn2C1CCCC1,0.7392739273927393
SGDBTWWWUNNDEQ-UHFFFAOYSA-N,NC(Cc1ccc(N(CCCl)CCCl)cc1)C(=O)O,0.32673267326732675
GAUZCKBSTZFWCT-BUHFOSPRSA-N,[O-]/[N+](=N/c1ccccc1)c1ccccc1,0.30005500550055003
PNVJTZOFSHSLTO-UHFFFAOYSA-N,COP(=S)(OC)Oc1ccc(SC)c(C)c1,0.2742574257425742
OYHLRJGDELITAF-INIZCTEOSA-N,O=C(N[C@@H](Cc1ccccc1)C(=O)CCl)OCc1ccccc1,0.36757425742574257
VUNCWTMEJYMOOR-UHFFFAOYSA-N,ClC1=C(Cl)C(Cl)(Cl)C(Cl)=C1Cl,0.2198019801980198
BLYMJBIZMIGWFK-UHFFFAOYSA-N,CCCN(CCC)C1CCc2ccc(O)cc2C1,0.4401815181518152
ZUOUZKKEUPVFJK-UHFFFAOYSA-N,c1ccc(-c2ccccc2)cc1,0.34240924092409236
HSQFVBWFPBKHEB-UHFFFAOYSA-N,Oc1ccc(Cl)c(Cl)c1Cl,0.20379537953795382
DKGZKTPJOSAWFA-UHFFFAOYSA-N,O=C(CCCN1CCC2(CC1)C(=O)NCN2c1ccccc1)c1ccc(F)cc1,0.6584158415841584
XYBSIYMGXVUVGY-UHFFFAOYSA-N,Brc1ccc(Oc2ccc(Br)cc2Br)c(Br)c1,0.5688943894389439
GQEVYCCMYUNRHJ-UHFFFAOYSA-N,O=[N+]([O-])C(Br)Br,0.12376237623762376
UGBJGGRINDTHIH-UHFFFAOYSA-N,O=S(=O)(O)C1CCNCC1,0.19108910891089106
XOMRRQXKHMYMOC-UHFFFAOYSA-O,CCCCCCCCCCCCCCCC(=O)OC(CC(=O)O)C[N+](C)(C)C,0.19443069306930694
JUVIOZPCNVVQFO-HBGVWJBISA-N,C=C(C)[C@H]1Cc2c(ccc3c2O[C@@H]2COc4cc(OC)c(OC)cc4[C@@H]2C3=O)O1,0.2495049504950495
BTFHLQRNAMSNLC-UHFFFAOYSA-N,C#CCN(C)CCCOc1ccc(Cl)cc1Cl,0.849009900990099
WVZSEUPGUDIELE-HTAPYJJXSA-N,C[C@@H](CN1CCC(Cc2ccccc2)CC1)[C@@H](O)c1ccc(O)cc1,0.6467821782178217
AEMFNILZOJDQLW-QAGGRKNESA-N,C[C@]12CCC(=O)C=C1CC[C@@H]1[C@@H]2CC[C@]2(C)C(=O)CC[C@@H]12,0.24702970297029703
NFGXHKASABOEEW-LDRANXPESA-N,COC(C)(C)CCCC(C)C/C=C/C(C)=C/C(=O)OC(C)C,0.2643800094295144
IPAJDLMMTVZVPP-UHFFFAOYSA-N,CN(C)c1ccc(C2(c3ccc(N(C)C)cc3)OC(=O)c3cc(N(C)C)ccc32)cc1,0.6196369636963697
FXAIVMYRMNONEG-UHFFFAOYSA-N,O=C(Nc1cc(C(=O)Nc2ccc(S(=O)(=O)O)cc2S(=O)(=O)O)cc(C(=O)Nc2ccc(S(=O)(=O)O)cc2S(=O)(=O)O)c1)Nc1cc(C(=O)Nc2ccc(S(=O)(=O)O)cc2S(=O)(=O)O)cc(C(=O)Nc2ccc(S(=O)(=O)O)cc2S(=O)(=O)O)c1,0.5
QJHCTHPYUOXOGM-UHFFFAOYSA-N,OC(CN1CCN(c2cccc(Cl)c2)CC1)C(c1ccccc1)c1ccccc1,0.7715700141442716
UPMLOUAZCHDJJD-UHFFFAOYSA-N,O=C=Nc1ccc(Cc2ccc(N=C=O)cc2)cc1,0.7797029702970297
KIIVFWSIMRWBKW-UHFFFAOYSA-N,CC(C)COC(=O)COc1cc(Cl)c(Cl)cc1Cl,0.32623762376237625
GLKCOBIIZKYKFN-UHFFFAOYSA-N,Nc1nc2[nH]c(=O)cnc2c(=O)[nH]1,0.055693069306930694
ALIFPGGMJDWMJH-UHFFFAOYSA-N,c1ccc(/N=N/Nc2ccccc2)cc1,0.37508250825082506
FCDRFVCGMLUYPG-ROUUACIJSA-N,FC(F)(F)c1cc(CO[C@H]2CCCN[C@H]2c2ccccc2)cc(C(F)(F)F)c1,0.7326732673267327
QAUVAHYHKLRJCQ-UHFFFAOYSA-N,COc1cccc(OC)c1OCCNCC1CSc2ccccc2O1,0.7160066006600658
ZYIBVBKZZZDFOY-UHFFFAOYSA-N,O=C1OC2(c3cc(Br)c(O)c(Br)c3Oc3c2cc(Br)c(O)c3Br)c2c(Cl)c(Cl)c(Cl)c(Cl)c21,0.09158415841584158
YGKPIROTKVQCCU-UHFFFAOYSA-N,O=C(OCCN1CCCCC1)c1c[nH]c2ccccc12,0.4833745874587458
GSQOBTOAOGXIFL-LFIBNONCSA-N,N#C/C(=C\c1ccc(O)c(O)c1)C(=O)NCCCc1ccccc1,0.24834983498349833
UAWVRVFHMOSAPU-UHFFFAOYSA-N,O=C(O)c1cc(=O)c2ccc(Cl)cc2[nH]1,0.17780528052805283
YEWGIGCYIAMFMA-UHFFFAOYSA-N,CN1CCc2ccccc2Cc2[nH]c3ccccc3c2CC1,0.8244224422442245
UCTWMZQNUQWSLP-UHFFFAOYSA-N,CNCC(O)c1ccc(O)c(O)c1,0.043069306930693066
DZUOQMBJJSBONO-CQSZACIVSA-N,COc1ccc2c(c1O)-c1cccc3c1[C@@H](C2)N(C)CC3,0.7623762376237624
IPKKHRVROFYTEK-UHFFFAOYSA-N,CCCCCOC(=O)c1ccccc1C(=O)OCCCCC,0.38778877887788776
ATQMRMGXINTJHV-UHFFFAOYSA-N,Cc1nc(-c2ccc(-c3ccc(C(=O)N4CCc5cc6c(cc54)C4(CCN(C)CC4)CO6)cc3)c(C)c2)no1,0.5717821782178217
RHMXXJGYXNZAPX-UHFFFAOYSA-N,Cc1cc(O)c2c(c1)C(=O)c1cc(O)cc(O)c1C2=O,0.14356435643564355
GKJZEKSHCJELPL-UHFFFAOYSA-N,Cn1cc(C(F)(F)F)nc1-c1ccc(OCC(O)CNCCOc2ccc(O)c(C(N)=O)c2)cc1,0.44430693069306926
ILNSWVUXAPSPEH-USXIJHARSA-N,COc1ccc2c(c1)[C@@]13CCCC[C@H]1[C@@H](C2)NCC3,0.754950495049505
ODQWQRRAPPTVAG-GZTJUZNOSA-N,CN(C)CC/C=C1\c2ccccc2COc2ccccc21,0.9702970297029703
UEQUQVLFIPOEMF-UHFFFAOYSA-N,CN1CCN2c3ccccc3Cc3ccccc3C2C1,0.5167373880245167
XMNIXWIUMCBBBL-UHFFFAOYSA-N,CC(C)(OOC(C)(C)c1ccccc1)c1ccccc1,0.47874823196605376
SUGXUUGGLDCZKB-UHFFFAOYSA-N,O=c1oc(Cl)c(Cl)c2ccccc12,0.4900990099009901
RTHCYVBBDHJXIQ-MRXNPFEDSA-N,CNCC[C@@H](Oc1ccc(C(F)(F)F)cc1)c1ccccc1,1.0
BZORFPDSXLZWJF-UHFFFAOYSA-N,CN(C)c1ccc(N)cc1,0.0801980198019802
CMVQZRLQEOAYSW-UHFFFAOYSA-N,O=[N+]([O-])c1cccc(Cl)c1Cl,0.28217821782178215
SBPBAQFWLVIOKP-UHFFFAOYSA-N,CCOP(=S)(OCC)Oc1nc(Cl)c(Cl)cc1Cl,0.47359735973597356
SAIKULLUBZKPDA-UHFFFAOYSA-N,CCCCC(CC)CNCC(CC)CCCC,0.5346534653465347
QHCCDDQKNUYGNC-UHFFFAOYSA-N,CCCCNCC,0.5
BTGAJCKRXPNBFI-OAHLLOKOSA-N,CCCN1CCc2cccc3c2[C@H]1Cc1ccc(O)c(O)c1-3,0.6031353135313531
OTKJDMGTUTTYMP-MSOLQXFVSA-N,CCCCCCCCCCCCCCC[C@H](O)[C@H](N)CO,0.40264026402640263
WHPVYXDFIXRKLN-UHFFFAOYSA-N,Brc1ccc(Oc2cc(Br)c(Br)cc2Br)c(Br)c1,0.3543729372937294
DFBKLUNHFCTMDC-UHFFFAOYSA-N,ClC1=C(Cl)C2(Cl)C3C4CC(C5OC45)C3C1(Cl)C2(Cl)Cl,0.3667491749174917
HFHFPCVDUCBNLG-UHFFFAOYSA-N,NC(=O)c1ccc(OCC(O)CN2CC=C(c3ccc(F)cc3)CC2)cc1,0.5148514851485149
OSHKWEFWXCCNJR-UHFFFAOYSA-N,N/C(=N\C(=O)c1nc(Cl)c(N)nc1N)NCc1ccc(Cl)c(Cl)c1,0.3292079207920792
WKNFADCGOAHBPG-UHFFFAOYSA-N,CN1CCC(c2c[nH]c3ccc(O)cc23)CC1,0.42450495049504944
PMYJGTWUVVVOFO-UHFFFAOYSA-N,N#Cc1c(-c2ccccc2)no[n+]1[O-],0.20825082508250828
TUFADSGTJUOBEH-ZWNOBZJWSA-N,CCCN1CCC[C@@H]2Cc3nc(N)ncc3C[C@H]21,0.4323432343234324
WJFKNYWRSNBZNX-UHFFFAOYSA-N,c1ccc2c(c1)Nc1ccccc1S2,0.698019801980198
IBOFVQJTBBUKMU-UHFFFAOYSA-N,Nc1ccc(Cc2ccc(N)c(Cl)c2)cc1Cl,0.6034653465346534
RVIUMPLAOXSSGN-UHFFFAOYSA-N,CC(C)CN(C)c1nc(N)c(C(=O)N=C(N)N)nc1Cl,0.1858793022159359
DCVZSHVZGVWQKV-UHFFFAOYSA-N,NCCNS(=O)(=O)c1cccc2cnccc12,0.349009900990099
KBSPJIWZDWBDGM-UHFFFAOYSA-N,Cc1ccc2ccc3cccc4ccc1c2c34,0.754950495049505
FZSPJBYOKQPKCD-UHFFFAOYSA-N,CC(N)C(=O)OC(C)(C)Cc1ccc(Cl)cc1,0.36633663366336633
GEHJIACZUFWBTK-UHFFFAOYSA-N,O=S(=O)(c1cccc2c(I)cccc12)N1CCCNCC1,0.6386138613861386
GJGHBJCMOWRRSZ-UHFFFAOYSA-N,CCC(Cl)CC(Cl)C(Cl)C(Cl)C(Cl)C(C)Cl,0.23795379537953792
SSMIFVHARFVINF-UHFFFAOYSA-N,Nc1ccc2c3c(cccc13)C(=O)NC2=O,0.2103960396039604
PKJBWOWQJHHAHG-UHFFFAOYSA-N,Brc1ccc(-c2ccccc2)cc1,0.6287128712871287
WZHJKEUHNJHDLS-QTGUNEKASA-N,CN1C[C@H](CNC(=O)OCc2ccccc2)C[C@@H]2c3cccc4c3c(cn4C)C[C@H]21,0.7326732673267327
XLWJPQQFJNGUPA-UHFFFAOYSA-N,CC(C)(CO)Cc1cc(C(C)(C)C)c(O)c(C(C)(C)C)c1,0.30472654408297967
ITJNARMNRKSWTA-UHFFFAOYSA-N,CNCCC(Oc1ccccc1OC)c1ccccc1,0.8267326732673267
KTADSLDAUJLZGL-UHFFFAOYSA-N,Brc1ccccc1-c1ccccc1,0.504950495049505
IOVGROKTTNBUGK-SJKOYZFVSA-N,C[C@@H](NCCc1ccc(O)cc1)[C@@H](O)c1ccc(O)cc1,0.5321782178217822
ZTVIKZXZYLEVOL-MCOXGKPRSA-N,CN1[C@@H]2CC[C@H]1C[C@@H](OC(=O)C(O)c1ccccc1)C2,0.5561056105610561
RZXIRSKYBISPGF-UHFFFAOYSA-N,Brc1cc(Br)c(Oc2cc(Br)c(Br)cc2Br)cc1Br,0.31476897689768973
RQQJJXVETXFINY-UHFFFAOYSA-N,N=C(N)NC(=O)c1nc(Cl)c(N2CCCCCC2)nc1N,0.3052805280528053
ZSDSQXJSNMTJDA-UHFFFAOYSA-N,CCCN(CCC)c1c([N+](=O)[O-])cc(C(F)(F)F)cc1[N+](=O)[O-],0.5919966996699669
LMXYVLFTZRPNRV-KMKOMSMNSA-N,O=C1Nc2ccc(I)cc2/C1=C/c1cc(Br)c(O)c(Br)c1,0.33663366336633666
IYRMWMYZSQPJKC-UHFFFAOYSA-N,O=c1c(O)c(-c2ccc(O)cc2)oc2cc(O)cc(O)c12,0.15594059405940594
RUKISNQKOIKZGT-UHFFFAOYSA-N,O=[N+]([O-])c1ccccc1Nc1ccccc1,0.41089108910891087
ZFGLFJUKZQSCQO-UHFFFAOYSA-N,CN1CCc2c(cc(O)c(O)c2Cl)C(c2cccc(Cl)c2)C1,0.3473597359735973
OWRCNXZUPFZXOS-UHFFFAOYSA-N,N=C(Nc1ccccc1)Nc1ccccc1,0.15264026402640263
BJSDNVVWJYDOLK-UHFFFAOYSA-N,COc1ccc2c(c1)c(CC(=O)N1CCOCC1)c(C)n2C(=O)c1ccc(Cl)cc1,0.25577557755775576
KVDHVTQKKLVMJD-UHFFFAOYSA-O,C[N+]1(C)C2CCC1CC(OC(=O)c1c[nH]c3ccccc13)C2,0.47345591702027345
LMDBIYXDSSGXSI-UHFFFAOYSA-N,N#CC(Cc1ccc(O)c(O)c1)C(=O)N1CCc2ccccc21,0.3696369636963696
RTYBGDQNUBLFSW-ZSHKSDETSA-N,C=CCc1ccccc1OCC(O)CN[C@]1(C)CCCC(C(C)(C)NC(=O)CBr)C1,0.3613861386138614
ZEWQUBUPAILYHI-UHFFFAOYSA-N,CN1CCN(CCCN2c3ccccc3Sc3ccc(C(F)(F)F)cc32)CC1,0.9702970297029703
YCSBALJAGZKWFF-UHFFFAOYSA-N,Nc1ccc2cc3ccccc3cc2c1,0.19925742574257427
UYNCFCUHRNOSCN-JFGZAKSSSA-N,CCCCCCCCCC(=O)NC(CN1CCOCC1)[C@H](O)c1ccccc1,0.47425742574257423
YYMCVDNIIFNDJK-BEQMOXJMSA-N,Fc1cccc(/C=N/N=C/c2cccc(F)c2)c1,0.5466171617161716
ZNRGQMMCGHDTEI-UHFFFAOYSA-N,CN1C2CCC1CC(OC(=O)c1c[nH]c3ccccc13)C2,0.5507661480433758
XRYLGRGAWQSVQW-UHFFFAOYSA-N,CN1CCN(C2Cc3ccccc3Sc3ccc(Cl)cc32)CC1,0.8043729372937295
BOWVQLFMWHZBEF-KTKRTIGZSA-N,CCCCCCCC/C=C\CCCCCCCC(=O)NCCO,0.5148514851485149
OGJGQVFWEPNYSB-UHFFFAOYSA-N,Clc1ccc(N2CCN(Cc3c[nH]c4ncccc34)CC2)cc1,0.676980198019802
WIYUZYBFCWCCQJ-RFTKNZGOSA-N,Oc1ccc2c3c1O[C@H]1c4[nH]c5ccccc5c4C[C@@]4(O)C(C2)N(CC2CC2)CCC314,0.5321782178217822
BRSNNJIJEZWSBU-QZDOHJIMSA-N,Nc1nc(SCc2ccc([N+](=O)[O-])cc2)c2ncn([C@@H]3O[C@H](CO)[C@H](O)[C@H]3O)c2n1,0.32623762376237625
DSMNGWOUQMYTJH-DVXGCZRDSA-N,COc1ccc2c3c1O[C@H]1C(=O)CC[C@@]4(O)C(C2)N(CC2CC2)CCC314,0.34405940594059403
FNKQXYHWGSIFBK-WVOWXROLSA-N,CC(O)[C@@H](O)[C@H]1CNc2nc(N)[nH]c(=O)c2N1,0.14455445544554454
IUXBQXVKCIOQKX-RYUDHWBXSA-N,CC(C)C[C@H](N)CSSC[C@@H](N)CC(C)C,0.13217821782178218
ZNIBIJIBEXSCNO-UHFFFAOYSA-N,CCCn1c(C)c(C(=O)c2ccc3ccccc3c2)c2ccccc21,0.4683168316831683
UXABARREKCJULM-UHFFFAOYSA-N,CCn1ccnc1CC1COc2ccccc2O1,0.46782178217821785
RIOQSEWOXXDEQQ-UHFFFAOYSA-N,c1ccc(P(c2ccccc2)c2ccccc2)cc1,0.5222772277227723
MOZPSIXKYJUTKI-UHFFFAOYSA-N,Cn1cc(C(=O)OCC2CCN(CCNS(C)(=O)=O)CC2)c2ccccc21,0.6188118811881188
KOYJWFGMEBETBU-UHFFFAOYSA-N,CCOc1ccc2nc(N)sc2c1,0.14884488448844885
SYLIICYFBKGBKE-PMERELPUSA-N,CC(C)c1cc(F)cc2c1C[C@](CCN(C)CCCc1nc3ccccc3[nH]1)(OC(=O)C1CC1)CC2,0.6901815181518153
MGSKVZWGBWPBTF-UHFFFAOYSA-N,NCCc1ccc(S(=O)(=O)F)cc1,0.46105610561056104
LBVZWEWTNUDWNS-YRNVUSSQSA-N,COc1ccc(CNC(=O)/C=C/c2ccc3[nH]cc(CCN(C)C)c3c2)cc1,0.615924092409241
AJMJJYUKTZBJKQ-UHFFFAOYSA-P,Cc1cc(N)c2ccccc2[n+]1CCCCCCCCCCCCCC[n+]1c(C)cc(N)c2ccccc21,0.7817656765676567
MASYAWHPJCQLSW-ZIAGYGMSSA-N,CC[C@@H]1Cc2cc(O)ccc2C2=C1c1ccc(O)cc1C[C@H]2CC,0.38613861386138615
YJGVMLPVUAXIQN-DPUNPDONSA-N,COc1cc([C@@H]2c3cc4c(cc3[C@H](O)C3COC(=O)[C@@H]32)OCO4)cc(OC)c1OC,0.28358085808580863
XLNZEKHULJKQBA-UHFFFAOYSA-N,CCOP(=S)(OCC)SCSC(C)(C)C,0.22524752475247525
HLFSDGLLUJUHTE-UHFFFAOYSA-N,c1ccc(C2CN3CCSC3=N2)cc1,0.16006600660066003
FVNFBBAOMBJTST-UHFFFAOYSA-N,O=C1NCC2(CCN(CCc3ccccc3)CC2)O1,0.7656765676567656
GPMXUUPHFNMNDH-UHFFFAOYSA-N,O=C(CCCN1CCC(O)(c2cccc(C(F)(F)F)c2)CC1)c1ccc(F)cc1,0.8367751060820366
UQMRAFJOBWOFNS-UHFFFAOYSA-N,CCCCOC(=O)COc1ccc(Cl)cc1Cl,0.4438354549740688
GJSGGHOYGKMUPT-UHFFFAOYSA-N,c1ccc2c(c1)Oc1ccccc1S2,0.6577557755775578
VHKZGNPOHPFPER-ONNFQVAWSA-N,CC(C)(C)c1ccc(S(=O)(=O)/C=C/C#N)cc1,0.35148514851485146
YAUZNKLMKRQDAM-UHFFFAOYSA-O,CNC(=O)OCC[N+](C)(C)C,0.12850070721357848
HJWHHQIVUHOBQN-UHFFFAOYSA-N,C=CCN1CCc2c(cc(O)c(O)c2Cl)C(c2ccccc2)C1,0.30858085808580854
RLJFTICUTYVZDG-UHFFFAOYSA-N,CSc1ccc2c(c1)C(N1CCN(C)CC1)Cc1ccccc1S2,0.7053630363036304
LLPMAOBOEQFPRE-UHFFFAOYSA-N,Cc1cc(C)cc(OP(=O)(Oc2cc(C)cc(C)c2)Oc2cc(C)cc(C)c2)c1,0.11427392739273927
LVSWNSHUTPWCNF-UHFFFAOYSA-N,CCn1c(=O)c2nc(-c3ccccc3)[nH]c2n(CC)c1=O,0.39438943894389433
NCKMMSIFQUPKCK-UHFFFAOYSA-N,Oc1ccc(Cl)cc1Cc1ccccc1,0.47566006600660066
JAWNWEKHDFBPSG-UHFFFAOYSA-N,N=C1N=C(N)c2cc3ccccc3cc21,0.18564356435643564
BGKIECJVXXHLDP-UHFFFAOYSA-N,O=[N+]([O-])c1ccc(Cl)c(Cl)c1Cl,0.38366336633663367
RWGFKTVRMDUZSP-UHFFFAOYSA-N,CC(C)c1ccccc1,0.2376237623762376
MQUQNUAYKLCRME-INIZCTEOSA-N,Cc1ccc(S(=O)(=O)N[C@@H](Cc2ccccc2)C(=O)CCl)cc1,0.4801980198019802
XEXUKNQDDPKEIF-OAHLLOKOSA-N,C=CCN1CCc2cccc3c2[C@H]1Cc1ccc(O)c(O)c1-3,0.6427392739273926
JYYFMIOPGOFNPK-XSHSMGBESA-N,CC/C=C/C/C=C/C/C=C/CCCCCCCC(=O)OCC,0.6435643564356436
JKYJSFISYHSNOE-UHFFFAOYSA-N,CN(C(=O)Cc1ccc(Cl)c(Cl)c1)C(CN1CCCC1)c1cccc(OCC(=O)O)c1,0.530940594059406
SVHOVVJFOWGYJO-UHFFFAOYSA-N,Oc1c(Br)c(Br)c(Br)c(Br)c1Br,0.11600660066006599
KKZGFVAZUKHFAC-MRXNPFEDSA-N,C=CCN1CCc2c(cc(O)c(O)c2Br)[C@@H](c2ccccc2)C1,0.3774752475247525
DGMPVYSXXIOGJY-UHFFFAOYSA-N,CCCCc1ccc(C(=O)O)nc1,0.21782178217821782
JZUTXVTYJDCMDU-UHFFFAOYSA-N,COc1ccc2c(c1OC)C(=O)OC2C1c2cc3c(cc2CCN1C)OCO3,0.37665016501650167
RKUNBYITZUJHSG-VFSICIBPSA-N,CN1[C@@H]2CC[C@H]1CC(OC(=O)[C@H](CO)c1ccccc1)C2,0.7978547854785479
BOSMZFBHAYFUBJ-UHFFFAOYSA-N,Cc1ccc(OP(=O)(Oc2ccc(C)cc2)Oc2ccc(C)cc2)cc1,0.7161716171617162
OZDWAHBMLHXZTI-UHFFFAOYSA-N,NCCCCNS(=O)(=O)c1cccc2c(Cl)cccc12,0.721122112211221
PJANXHGTPQOBST-QXMHVHEDSA-N,C(=C\c1ccccc1)\c1ccccc1,0.35767326732673266
MUDRLQRJCGJJTB-UHFFFAOYSA-N,O=c1onc2n1-c1cc(Br)ccc1OC2,0.33580858085808585
RXMUPNVSYKGKMY-UHFFFAOYSA-N,CN(C)c1nc(N)c(C(=O)NC(=N)N)nc1Cl,0.22442244224422445
NTIZESTWPVYFNL-UHFFFAOYSA-N,CC(=O)CC(C)C,0.11047854785478547
BBEAQIROQSPTKN-UHFFFAOYSA-N,c1cc2ccc3cccc4ccc(c1)c2c34,0.783003300330033
GHWJEDJMOVUXEC-UHFFFAOYSA-N,Oc1cc2c(c(Cl)c1O)CCNCC2c1ccccc1,0.29372937293729373
DOFZAZXDOSGAJZ-UHFFFAOYSA-N,CCOP(=S)(OCC)SCCSCC,0.28217821782178215
QGXBDMJGAMFCBF-YROQGIJISA-N,C[C@]12CC[C@@H](O)CC1CC[C@@H]1[C@@H]2CC[C@]2(C)C(=O)CC[C@@H]12,0.43613861386138614
FSWDLYNGJBGFJH-UHFFFAOYSA-N,CCC(C)Nc1ccc(NC(C)CC)cc1,0.43151815181518155
LFBZZHVSGAHQPP-UHFFFAOYSA-N,CC1=NN=C(c2ccc(N)cc2)c2cc3c(cc2C1)OCO3,0.46699669966996704
AZQWKYJCGOJGHM-UHFFFAOYSA-N,O=C1C=CC(=O)C=C1,0.039603960396039604
UOAMTSKGCBMZTC-UHFFFAOYSA-N,OC(c1ccc(Cl)cc1)(c1ccc(Cl)cc1)C(Cl)(Cl)Cl,0.4983498349834984
BIWJNBZANLAXMG-UHFFFAOYSA-N,ClC1=C(Cl)C2(Cl)C3C(Cl)C(Cl)CC3C1(Cl)C2(Cl)Cl,0.3927392739273927
QJPPEMXOOWNICQ-UHFFFAOYSA-N,c1ccc2c(c1)CC(N1CCN(c3cccc4c3OCCO4)CC1)C2,0.6712046204620461
GXEKYRXVRROBEV-UHFFFAOYSA-N,O=C(O)C1C2CCC(O2)C1C(=O)O,0.04826732673267327
AHJKRLASYNVKDZ-UHFFFAOYSA-N,Clc1ccc(C(c2ccc(Cl)cc2)C(Cl)Cl)cc1,0.9108910891089109
IBQMHBGFMLHHLE-UHFFFAOYSA-N,CCN(CC)CCCCCCCCOC(=O)c1cc(OC)c(OC)c(OC)c1,0.5152050919377652
MCMSJVMUSBZUCN-YYDJUVGSSA-N,COc1cc2c(cc1OC)-c1c/c(=N\c3c(C)cc(C)cc3C)n(C)c(=O)n1CC2,0.3156883545497407
BKGWACHYAMTLAF-UHFFFAOYSA-N,NC(=S)NCCCC(N)C(=O)O,0.19495520980669495
IXFPJGBNCFXKPI-IRGPPDDXSA-N,C/C=C(/C)C(=O)O[C@H]1C(C)=C2[C@H]([C@@H]1OC(=O)CCCCCCC)[C@@](C)(OC(C)=O)C[C@@H](OC(=O)CCC)[C@@]1(O)[C@H]2OC(=O)[C@@]1(C)O,0.2400990099009901
HSZCJVZRHXPCIA-UHFFFAOYSA-N,CCN(Cc1ccccc1)c1ccccc1,0.7283828382838283
STZZWJCGRKXEFF-UHFFFAOYSA-N,N#CC(Cl)Cl,0.10594059405940594
RGSVXQJPSWZXOP-UHFFFAOYSA-N,c1ccc2sc(C3(N4CCCCC4)CCCCC3)cc2c1,0.3886138613861386
HXIQYSLFEXIOAV-UHFFFAOYSA-N,Cc1cc(O)c(C(C)(C)C)cc1Sc1cc(C(C)(C)C)c(O)cc1C,0.257013201320132
UFYJLJINUGVUHO-UHFFFAOYSA-N,CN(C)CCCCSC(=N)N,0.3551980198019802
LUFPJJNWMYZRQE-UHFFFAOYSA-N,c1ccc(CSCc2ccccc2)cc1,0.6216171617161717
UTBSBSOBZHXMHI-LSDHHAIUSA-N,CCn1cnc2c(Nc3cccc(Cl)c3)nc(N[C@@H]3CCCC[C@@H]3N)nc21,0.4306930693069307
HHRACYLRBOUBKM-UHFFFAOYSA-N,CC(C)(C)c1ccc(OCC2CO2)cc1,0.30775577557755773
UBQNRHZMVUUOMG-UHFFFAOYSA-N,N=S(=O)(O)Cc1noc2ccccc12,0.28465346534653463
YUFCOOWNNHGGOD-PMCKMBLUSA-N,Nc1nc2c(nc(Br)n2C2O[C@H]3CO[P@@](=O)(O)O[C@@H]3C2O)c(=O)[nH]1,0.15717821782178218
QONNLUMTBIZJFP-UHFFFAOYSA-N,Fc1ccc(CN(C2=NCCN2)c2c(Cl)cccc2Cl)cc1,0.8772277227722771
PHEDXBVPIONUQT-BSYKJNSZSA-N,CCCCCCCCCCCCCC(=O)O[C@@H]1[C@@H](C)[C@@]2(O)[C@@H](C=C(CO)C[C@@]3(O)C(=O)C(C)=C[C@@H]23)[C@@H]2C(C)(C)[C@@]12OC(C)=O,0.264026402640264
UWFYSQMTEOIJJG-XDPPYWQRSA-N,CC(=O)O[C@]1(C(C)=O)CC[C@H]2[C@@H]3C=C(Cl)C4=CC(=O)[C@@H]5C[C@H]5[C@]4(C)[C@H]3CC[C@@]21C,0.13036303630363036
YOJKKXRJMXIKSR-UHFFFAOYSA-N,O=[N+]([O-])c1ccccc1-c1ccccc1,0.4518151815181518
RKZDZWJDQTZDLD-UHFFFAOYSA-N,c1cc2c3c(c1)ccc1cccc(c13)C2,0.6082508250825083
WDXRGPWQVHZTQJ-AUKWTSKRSA-N,C/C=C1/C(=O)C[C@H]2[C@@H]3CCC4=CC(=O)CC[C@]4(C)[C@H]3CC[C@]12C,0.25495049504950495
LPMBTLLQQJBUOO-KTKRTIGZSA-N,CCCCCCCC/C=C\CCCCCCCC(=O)N(CCO)CCO,0.4405940594059406
HJUAKZYKCANOOZ-UHFFFAOYSA-N,COC(=O)N1CCN(C(=O)Cc2ccc(Cl)c(Cl)c2)C(CN2CCCC2)C1,0.37376237623762376
VNICFCQJUVFULD-UHFFFAOYSA-N,c1ccc2c(N3CCNCC3)cccc2c1,0.7076732673267326
FVUGZKDGWGKCFE-UHFFFAOYSA-N,CC(=O)C1(C)CC2=C(CCCC2(C)C)CC1C,0.2014851485148515
JRLOEMCOOZSCQP-UHFFFAOYSA-N,CCCCCC(O)c1cccc(OCc2ccc3ccccc3n2)c1,0.7296086751532296
ZSCDBOWYZJWBIY-UHFFFAOYSA-N,CC(CN(C)C)CN1c2ccccc2CCc2ccccc21,0.9203795379537953
XJQPQKLURWNAAH-UHFFFAOYSA-N,COc1cc(CNC(=O)CCCCCCC(C)C)ccc1O,0.41163366336633667
FCBRFERWWOBAJC-UHFFFAOYSA-N,COc1ccc(CCCOc2cc(CCn3ccnc3)ccc2OC)cc1,0.9702970297029703
RQHKZUBCUZVZEF-UHFFFAOYSA-N,O=C(OCCN1CCOCC1)C1(c2ccccc2)CCCCC1,0.3762906647807638
CURMZJGVCAQSTD-RDAXWTIDSA-N,C[C@]12Cc3cn4c(nc3C=C1CCC1C2CC[C@@]2(C)[C@H]1CC[C@@]2(O)C#N)nc1ccccc14,0.49504950495049505
VGGGPCQERPFHOB-HZSPNIEDSA-N,CC(C)C[C@H](NC(=O)[C@H](O)[C@H](N)Cc1ccccc1)C(=O)O,0.08663366336633663
JSCUNIPKMPNPFX-UHFFFAOYSA-N,O=c1cc(-c2ccccc2)[nH]c2nc(Cl)ccc12,0.5603960396039604
DIHXJZHAIHGSAW-UHFFFAOYSA-N,N=C(N)NC(=N)Nc1cccc(Cl)c1,0.2458745874587459
JSASWRWALCMOQP-UHFFFAOYSA-N,CC(C)N(CCC(=O)c1ccc2ccccc2c1)Cc1ccccc1,0.7673267326732673
LXBIFEVIBLOUGU-UHFFFAOYSA-N,OCC1NCC(O)C(O)C1O,0.18380480905233382
ZZQHNBGRWRQWFI-XNTDXEJSSA-N,N#C/C(=C\c1ccc(O)c(O)c1)C(=O)NCCc1ccccc1,0.18646864686468645
HUCJFAOMUPXHDK-UHFFFAOYSA-N,Cc1cc(C(C)(C)C)cc(C)c1CC1=NCCN1,0.37211221122112215
PQUGCKBLVKJMNT-UHFFFAOYSA-N,COc1ccc(-n2nc(C(F)(F)F)cc2-c2ccc(Cl)cc2)cc1,0.7171617161716172
XTTIQGSLJBWVIV-UHFFFAOYSA-N,Cc1cc([N+](=O)[O-])ccc1N,0.09339933993399341
SDQFDHOLCGWZPU-UHFFFAOYSA-N,CC(C=O)Cc1ccc(C(C)(C)C)cc1,0.2376237623762376
XDXDZDZNSLXDNA-TZNDIEGXSA-N,CC(=O)[C@]1(O)Cc2c(O)c3c(c(O)c2[C@@H](O[C@H]2C[C@H](N)[C@H](O)[C@H](C)O2)C1)C(=O)c1ccccc1C3=O,0.15099009900990099
SJFPWWYCPGONOM-UHFFFAOYSA-N,O=S(=O)(c1cccc2ncccc12)N1CCNCC1,0.452970297029703
KDXISMANFPJVJY-UHFFFAOYSA-N,CC1(C)C(=O)N(CCN2CCC(C(=O)c3ccc(F)cc3)CC2)c2ccccc21,0.6515676567656766
GAAKALASJNGQKD-UHFFFAOYSA-N,Nc1ccc(CCN2CCN(c3cccc(C(F)(F)F)c3)CC2)cc1,0.801980198019802
NIOHELZQFBGCEO-UHFFFAOYSA-N,N=C(NC(=O)c1nc(Cl)c(N)nc1N)Nc1ccccc1,0.16831683168316833
SIYLLGKDQZGJHK-UHFFFAOYSA-N,CC(C)(C)CC(C)(C)c1ccc(OCCOCC[N+](C)(C)Cc2ccccc2)cc1,0.9356435643564357
DPXOFRGRKPFZOD-UHFFFAOYSA-N,CCCN(CCC)CCc1c[nH]c2ccc(C(N)=O)cc12,0.650990099009901
JAQUASYNZVUNQP-OOHWJJMZSA-N,CN1CCC23CCCC[C@H]2C1Cc1ccc(O)cc13,0.4282178217821782
CWVRJTMFETXNAD-VQWGVLBKSA-N,O=C(/C=C/c1ccc(O)c(O)c1)OC1C[C@](O)(C(=O)O)C[C@@H](O)[C@H]1O,0.24900990099009904
ZDWNVUUXKGJQMT-PMACEKPBSA-N,CCc1ccccc1OC[C@@H](O)CN[C@H]1CCc2ccccc2C1,0.655115511551155
DODQJNMQWMSYGS-QPLCGJKRSA-N,CC/C(=C(\c1ccccc1)c1ccc(OCCN(C)C)cc1)c1ccc(O)cc1,0.7797029702970297
JVGBTTIJPBFLTE-UHFFFAOYSA-N,O=C1NCN(c2ccccc2)C12CCN(CC1COc3ccccc3O1)CC2,0.6207920792079208
LZMRVYPPUVMKOI-UHFFFAOYSA-N,Cn1cnc2c(NC3CCCC3)ncnc21,0.5272277227722771
QBYJBZPUGVGKQQ-UHFFFAOYSA-N,ClC1=C(Cl)C2(Cl)C3C4C=CC(C4)C3C1(Cl)C2(Cl)Cl,0.33209570957095713
OZYUPQUCAUTOBP-VOBHOPKGSA-N,C=CCN1CC[C@]23CCCCC2[C@H]1Cc1ccc(O)cc13,0.45792079207920794
TXQKSMSLZVKQBI-UHFFFAOYSA-N,O=C(O)C1CCCN(CCC=C(c2ccccc2)c2ccccc2)C1,0.34034653465346537
IBRBMZRLVYKVRF-UHFFFAOYSA-N,O=[N+]([O-])c1cc(Cl)c(Cl)cc1Cl,0.32425742574257427
ZCTQGTTXIYCGGC-UHFFFAOYSA-N,O=C(OCc1ccccc1)c1ccccc1O,0.3473597359735973
MKIKWCVTTNYSRM-UHFFFAOYSA-N,c1ccc(CN(Cc2ncc[nH]2)c2ccccc2)cc1,0.7767326732673268
WSSJONWNBBTCMG-UHFFFAOYSA-N,CC1CC(OC(=O)c2ccccc2O)CC(C)(C)C1,0.19554455445544555
VSWDORGPIHIGNW-UHFFFAOYSA-N,S=C(S)N1CCCC1,0.13036303630363036
MNJNPLVXBISNSX-WDNDVIMCSA-N,CN1[C@@H]2CC[C@H]1C[C@@H](OC(=O)c1cc(Cl)cc(Cl)c1)C2,0.6410891089108911
MDESCHUXWOWHQJ-AUWJEWJLSA-N,CN(C)CC/C=C1/c2ccccc2Sc2cc(Cl)ccc21,0.8659240924092411
SNTQPLDRUZOSDP-UHFFFAOYSA-N,CCCC(C(=O)OCCN(CC)CC)(c1ccccc1)c1ccccc1,0.8161008958038661
WTLBZVNBAKMVDP-UHFFFAOYSA-N,CCCCOCCOP(=O)(OCCOCCCC)OCCOCCCC,0.5858085808580857
DGQLVPJVXFOQEV-NGOCYOHBSA-N,Cc1c(C(=O)O)c(O)cc2c1C(=O)c1c(O)c([C@H]3O[C@H](CO)[C@@H](O)[C@H](O)[C@H]3O)c(O)c(O)c1C2=O,0.1023102310231023
SCKBPXUWGMKLDM-UHFFFAOYSA-N,NCCNC(=O)c1ncsc1-c1cccc(F)c1,0.26485148514851486
ZHVWWEYETMPAMX-RFTKNZGOSA-N,Oc1ccc2c3c1O[C@H]1c4oc5ccccc5c4C[C@@]4(O)C(C2)N(CC2CC2)CCC314,0.49554455445544554
AJPSBXJNFJCCBI-YPLOISPCSA-N,C=CCN1CC[C@]23c4c5ccc(O)c4O[C@@H]2/C(=N/N=C2\CC[C@@]4(O)C6Cc7ccc(O)c8c7[C@@]4(CCN6CC=C)[C@@H]2O8)CC[C@@]3(O)C1C5,0.4381188118811881
DYCJFJRCWPVDHY-ABYLEIOUSA-N,O=[N+]([O-])c1ccc(CSc2ncnc3c2ncn3[C@@H]2O[C@H](CO)[C@H](O)[C@H]2O)cc1,0.3341584158415842
OIRDTQYFTABQOQ-GAWUUDPSSA-N,Nc1ncnc2c1ncn2[C@@H]1O[C@H](CO)[C@H](O)[C@H]1O,0.16336633663366337
RDYMFSUJUZBWLH-UHFFFAOYSA-N,[O-][S+]1OCC2C(CO1)C1(Cl)C(Cl)=C(Cl)C2(Cl)C1(Cl)Cl,0.2986798679867987
KQWVAUSXZDRQPZ-OREGWCPLSA-N,C=CCN1C[C@@H](C)N([C@H](c2ccc(C(=O)N(CC)CC)cc2)c2cccc(OC)c2)C[C@@H]1C,0.6212871287128713
HKGWQUVGHPDEBZ-ABLWVSNPSA-N,CN1CC[C@@]2(C)c3cc(O)ccc3N(C)C12,0.30074257425742573
QXMGSJSQHWXUQG-OUKQBFOZSA-N,CC[N+](CC)(CC)COc1ccc(/C=C/c2ccccc2)cc1,0.8679867986798679
NDNUAUXWPVQUQH-UHFFFAOYSA-N,O=C(CCCN1C=CC(n2c(=O)[nH]c3ccccc32)CC1)c1ccc(F)cc1,0.6806930693069307
RKXSQHTWNMDLJM-NSHDSACASA-N,CCc1cc(Cl)c(OC)c(C(=O)NC[C@@H]2CCN(CC)C2)c1O,0.25742574257425743
POZRVZJJTULAOH-XVOGMACCSA-N,C#C[C@]1(O)CC[C@H]2[C@@H]3CCC4=Cc5oncc5CC4(C)[C@H]3CCC21C,0.43151815181518155
DJBNUMBKLMJRSA-UHFFFAOYSA-N,O=C(NCC1CCCCN1)c1cc(OCC(F)(F)F)ccc1OCC(F)(F)F,0.9158415841584159
DDNCQMVWWZOMLN-IRLDBZIGSA-N,CCOC(=O)C1=C[C@]2(CC)CCCN3CCc4c(n1c1ccccc41)[C@@H]32,0.901072607260726
LUZRJRNZXALNLM-JGRZULCMSA-N,CN1C[C@H](C(=O)N[C@]2(C)O[C@@]3(O)[C@@H]4CCCN4C(=O)[C@H](Cc4ccccc4)N3C2=O)C[C@@H]2c3cccc4[nH]cc(c34)C[C@H]21,0.320957095709571
DERZBLKQOCDDDZ-JLHYYAGUSA-N,C(=C/c1ccccc1)\CN1CCN(C(c2ccccc2)c2ccccc2)CC1,0.6675742574257425
BTIHMVBBUGXLCJ-OAHLLOKOSA-N,CC[C@H](CO)Nc1nc(NCc2ccccc2)c2ncn(C(C)C)c2n1,0.1254125412541254
BGSWSYNOZJKVDX-PFHKOEEOSA-N,CNC(=O)[C@H]1O[C@@H](n2cnc3c(NCc4ccc(I)cc4)nc(Cl)nc32)[C@H](O)[C@@H]1O,0.3473597359735973
KZFDKINRISJFCO-TWYXQDJOSA-N,CN1[C@@H]2CC[C@H]1C[C@@H](OC(c1ccccc1)c1ccccc1N)C2,0.6396039603960395
NCEGJIHRQBRVJQ-UHFFFAOYSA-N,NC(Cc1cccc(-c2ccccc2CP(=O)(O)O)c1)C(=O)O,0.24257425742574257
ZBBHBTPTTSWHBA-UHFFFAOYSA-N,COC(=O)C1=C(C)NC(C)=C(C(=O)OCCN(C)Cc2ccccc2)C1c1cccc([N+](=O)[O-])c1,0.7702145214521453
VQLPLYSROCPWFF-MSOLQXFVSA-N,CN(C(=O)Cc1ccc(Cl)c(Cl)c1)[C@@H]1CCCC[C@@H]1N1CCCC1,0.4405940594059406
ZDIGNSYAACHWNL-HNNXBMFYSA-N,CN(C)CC[C@@H](c1ccc(Br)cc1)c1ccccn1,0.8234912776991985
ZJJXGWJIGJFDTL-UHFFFAOYSA-N,Cc1cnc(C(=O)NCCc2ccc(S(=O)(=O)NC(=O)NC3CCCCC3)cc2)cn1,0.10891089108910891
JWHAUXFOSRPERK-SFHVURJKSA-N,CCCNC[C@H](O)COc1ccccc1C(=O)CCc1ccccc1,0.9798679867986799
JOAHPSVPXZTVEP-QGPMSJSTSA-N,CCN(CC)C(=O)N[C@@H]1C[C@@H]2c3cccc4[nH]cc(c34)C[C@H]2N(C)C1,0.400990099009901
BGRJTUBHPOOWDU-UHFFFAOYSA-N,CCN1CCCC1CNC(=O)c1cc(S(N)(=O)=O)ccc1OC,0.10726072607260725
NVKAWKQGWWIWPM-ABEVXSGRSA-N,C[C@]12CCC(=O)C[C@@H]1CC[C@@H]1[C@@H]2CC[C@]2(C)[C@@H](O)CC[C@@H]12,0.3272277227722772
RDOIQAHITMMDAJ-UHFFFAOYSA-N,CN(C)C(=O)C(CCN1CCC(O)(c2ccc(Cl)cc2)CC1)(c1ccccc1)c1ccccc1,0.7673267326732673
GPKJTRJOBQGKQK-UHFFFAOYSA-N,CCN(CC)CCCC(C)Nc1c2ccc(Cl)cc2nc2ccc(OC)cc12,0.9323432343234324
IEJXVRYNEISIKR-UHFFFAOYSA-N,Nc1cc(Cl)c(N=C2NCCN2)c(Cl)c1,0.25742574257425743
UOLJKAPABHXFRE-UHFFFAOYSA-N,CCCN(CCC)C1Cc2cc(OC)c(OC)cc2C1,0.4847359735973597
INVGWHRKADIJHF-UHFFFAOYSA-N,C[n+]1cc2c3c(ccc2c2ccc4cc5c(cc4c21)OCO5)OCO3,0.6633663366336634
PAZJSJFMUHDSTF-UHFFFAOYSA-N,C=CCc1ccccc1OCC(O)CNC(C)C,0.23620933521923618
HLRBSTGXOFUEHW-OAHLLOKOSA-N,CCCN1CCc2cc(O)cc3c2[C@H]1Cc1ccc(O)c(O)c1-3,0.37004950495049505
XSCGXQMFQXDFCW-UHFFFAOYSA-N,CN(C)CCCN1c2ccccc2Sc2ccc(C(F)(F)F)cc21,0.9702970297029703
WDZVGELJXXEGPV-YIXHJXPBSA-N,N=C(N)N/N=C/c1c(Cl)cccc1Cl,0.26839933993399345
MDNWOSOZYLHTCG-UHFFFAOYSA-N,Oc1ccc(Cl)cc1Cc1cc(Cl)ccc1O,0.5973597359735973
JWBOIMRXGHLCPP-UHFFFAOYSA-N,Clc1ccc(C(c2ccccc2Cl)C(Cl)Cl)cc1,0.9158415841584159
UHSKFQJFRQCDBE-UHFFFAOYSA-N,CCCN(CCC)CCc1cccc2c1CC(=O)N2,0.9702970297029703
ZZVUWRFHKOJYTH-UHFFFAOYSA-N,CN(C)CCOC(c1ccccc1)c1ccccc1,0.35625884016973114
RTHCYVBBDHJXIQ-UHFFFAOYSA-N,CNCCC(Oc1ccc(C(F)(F)F)cc1)c1ccccc1,1.0
LGLFFNDHMLKUMI-UHFFFAOYSA-N,CN(C)c1ccc(C(=C2C=CC(=[N+](C)C)C=C2)c2ccc(N(C)C)cc2)cc1,0.7577557755775577
VPVOXUSPXFPWBN-VKHMYHEASA-N,C[C@H](O)C(=O)C1=Nc2c(nc(N)[nH]c2=O)NC1,0.11266501650165016
QZUDBNBUXVUHMW-UHFFFAOYSA-N,CN1CCN(C2=Nc3cc(Cl)ccc3Nc3ccccc32)CC1,0.9575082508250826
FMJSMJQBSVNSBF-UHFFFAOYSA-N,CCCCC(CC)COC(=O)C(C#N)=C(c1ccccc1)c1ccccc1,0.5057755775577557
BWPIARFWQZKAIA-UHFFFAOYSA-N,CNCCCC1c2ccccc2C=Cc2ccccc21,0.9900990099009901
YMTINGFKWWXKFG-UHFFFAOYSA-N,CC(C)OC(=O)C(C)(C)Oc1ccc(C(=O)c2ccc(Cl)cc2)cc1,0.46369636963696365
QRXWMOHMRWLFEY-UHFFFAOYSA-N,NNC(=O)c1ccncc1,0.07425742574257425
GZUITABIAKMVPG-UHFFFAOYSA-N,O=C(c1ccc(OCCN2CCCCC2)cc1)c1c(-c2ccc(O)cc2)sc2cc(O)ccc12,0.8118811881188119
HCZKYJDFEPMADG-TXEJJXNPSA-N,C[C@H](Cc1ccc(O)c(O)c1)[C@@H](C)Cc1ccc(O)c(O)c1,0.3849009900990099
YNPNZTXNASCQKK-UHFFFAOYSA-N,c1ccc2c(c1)ccc1ccccc12,0.8454620462046204
HIYAVKIYRIFSCZ-CYEMHPAKSA-N,CNc1ccc2oc(C[C@H]3O[C@@]4(CC[C@H]3C)O[C@H]([C@H](C)C(=O)c3ccc[nH]3)[C@H](C)C[C@H]4C)nc2c1C(=O)O,0.32541254125412533
RAPZEAPATHNIPO-UHFFFAOYSA-N,Cc1nc2n(c(=O)c1CCN1CCC(c3noc4cc(F)ccc34)CC1)CCCC2,0.9257425742574258
QSLMDECMDJKHMQ-UHFFFAOYSA-N,CNCCCC12CCC(c3ccccc31)c1ccccc12,1.0
JCKYGMPEJWAADB-UHFFFAOYSA-N,O=C(O)CCCc1ccc(N(CCCl)CCCl)cc1,0.4587458745874587
BAINIUMDFURPJM-UHFFFAOYSA-N,O=c1[nH]c2ccccc2n1CCCN1CCN(C(c2ccccc2)c2ccccc2)CC1,0.9752475247524752
VNFPBHJOKIVQEB-UHFFFAOYSA-N,Clc1ccccc1C(c1ccccc1)(c1ccccc1)n1ccnc1,0.8910891089108911
UIAGMCDKSXEBJQ-UHFFFAOYSA-N,COCCOC(=O)C1=C(C)NC(C)=C(C(=O)OC(C)C)C1c1cccc([N+](=O)[O-])c1,0.27220650636492216
KNHUKKLJHYUCFP-UHFFFAOYSA-N,CCOC(=O)C(C)(C)Oc1ccc(Cl)cc1,0.3905940594059406
RZTAMFZIAATZDJ-UHFFFAOYSA-N,CCOC(=O)C1=C(C)NC(C)=C(C(=O)OC)C1c1cccc(Cl)c1Cl,0.28751375137513757
HWHLPVGTWGOCJO-UHFFFAOYSA-N,OC(CCN1CCCCC1)(c1ccccc1)C1CCCCC1,0.45272277227722774
IYIKLHRQXLHMJQ-UHFFFAOYSA-N,CCCCc1oc2ccccc2c1C(=O)c1cc(I)c(OCCN(CC)CC)c(I)c1,0.9851485148514851
RUZYUOTYCVRMRZ-UHFFFAOYSA-N,COc1cc2nc(N3CCN(C(=O)C4COc5ccccc5O4)CC3)nc(N)c2cc1OC,0.9306930693069307
DOIRQSBPFJWKBE-UHFFFAOYSA-N,CCCCOC(=O)c1ccccc1C(=O)OCCCC,0.30610561056105606
SAQUSDSPQYQNBG-UHFFFAOYSA-N,O=Nc1c(-c2c(O)[nH]c3cc(Br)ccc23)[nH]c2ccccc12,0.5082508250825082
VGKDLMBJGBXTGI-SJCJKPOMSA-N,CN[C@H]1CC[C@@H](c2ccc(Cl)c(Cl)c2)c2ccccc21,0.9900990099009901
RJKFOVLPORLFTN-LEKSSAKUSA-N,CC(=O)[C@H]1CC[C@H]2[C@@H]3CCC4=CC(=O)CC[C@]4(C)[C@H]3CC[C@]12C,0.15346534653465346
ZCVMWBYGMWKGHF-UHFFFAOYSA-N,CN1CCC(=C2c3ccccc3CC(=O)c3sccc32)CC1,0.5108085808580858
ZGUGWUXLJSTTMA-UHFFFAOYSA-N,CN(C)CCCN1c2ccccc2Sc2ccccc21,0.933993399339934
UVTNFZQICZKOEM-UHFFFAOYSA-N,CC(C)N(CCC(C(N)=O)(c1ccccc1)c1ccccn1)C(C)C,0.6699021687883072
VUAXHMVRKOTJKP-UHFFFAOYSA-N,CCC(C)(C)C(=O)O,0.0834983498349835
LEZWWPYKPKIXLL-UHFFFAOYSA-N,Clc1ccc(COC(Cn2ccnc2)c2ccc(Cl)cc2Cl)cc1,0.957095709570957
FPIPGXGPPPQFEQ-OVSJKPMPSA-N,CC1=C(/C=C/C(C)=C/C=C/C(C)=C/CO)C(C)(C)CCC1,0.22557755775577557
GDLIGKIOYRNHDA-UHFFFAOYSA-N,CN(C)CCCN1c2ccccc2CCc2ccc(Cl)cc21,0.995049504950495
AKJHMTWEGVYYSE-FXILSDISSA-N,CC1=C(/C=C/C(C)=C/C=C/C(C)=C/C(=O)Nc2ccc(O)cc2)C(C)(C)CCC1,0.28036303630363035
NKANXQFJJICGDU-QPLCGJKRSA-N,CC/C(=C(\c1ccccc1)c1ccc(OCCN(C)C)cc1)c1ccccc1,0.9356435643564357
KRMDCWKBEZIMAB-UHFFFAOYSA-N,CN(C)CCC=C1c2ccccc2CCc2ccccc21,0.9900990099009901
JWHAUXFOSRPERK-UHFFFAOYSA-N,CCCNCC(O)COc1ccccc1C(=O)CCc1ccccc1,0.9798679867986799
SGDBTWWWUNNDEQ-LBPRGKRZSA-N,N[C@@H](Cc1ccc(N(CCCl)CCCl)cc1)C(=O)O,0.32673267326732675
FIPWRIJSWJWJAI-UHFFFAOYSA-N,CCCCOCCOCCOCc1cc2c(cc1CCC)OCO2,0.6522277227722773
KLBQZWRITKRQQV-UHFFFAOYSA-N,CSc1ccc2c(c1)N(CCC1CCCCN1C)c1ccccc1S2,0.995049504950495
YEHCICAEULNIGD-MZMPZRCHSA-N,CCCN1C[C@H](CSC)C[C@@H]2c3cccc4[nH]cc(c34)C[C@H]21,0.8316831683168316
JFIOVJDNOJYLKP-UHFFFAOYSA-N,Oc1c(Cl)cc(Cl)cc1Sc1cc(Cl)cc(Cl)c1O,0.2739273927392739
AQHHHDLHHXJYJD-UHFFFAOYSA-N,CC(C)NCC(O)COc1cccc2ccccc12,0.4584158415841583
XIQVNETUBQGFHX-UHFFFAOYSA-N,CCN(CC)CC#CCOC(=O)C(O)(c1ccccc1)C1CCCCC1,0.12644978783592645
WKSAUQYGYAYLPV-UHFFFAOYSA-N,CCc1nc(N)nc(N)c1-c1ccc(Cl)cc1,0.36155115511551156
IZEKFCXSFNUWAM-UHFFFAOYSA-N,OCCN(CCO)c1nc(N2CCCCC2)c2nc(N(CCO)CCO)nc(N3CCCCC3)c2n1,0.10891089108910891
JCCNYMKQOSZNPW-UHFFFAOYSA-N,CCOC(=O)N1CCC(=C2c3ccc(Cl)cc3CCc3cccnc32)CC1,0.8689768976897692
YECBIJXISLIIDS-UHFFFAOYSA-N,COc1ccc(CN(CCN(C)C)c2ccccn2)cc1,0.9620462046204621
JXLYSJRDGCGARV-DVHKQMBDSA-N,CCC1(O)CC2CN(CCc3c([nH]c4ccccc34)[C@@](C(=O)OC)(c3cc4c(cc3OC)N(C)C3[C@]45CCN4CC=C[C@@](CC)([C@@H](OC(C)=O)[C@]3(O)C(=O)OC)[C@H]45)C2)C1,0.5214521452145215
GIJXKZJWITVLHI-PMOLBWCYSA-N,CN1[C@@H]2CC[C@H]1C[C@@H](OC(c1ccccc1)c1ccccc1)C2,0.806930693069307
NETZHAKZCGBWSS-IUIHYUJPSA-N,Oc1ccc2c3c1O[C@H]1[C@@H](O)CC[C@@]4(O)C(C2)N(CC2CCC2)CCC314,0.44925742574257427
KJFMBFZCATUALV-UHFFFAOYSA-N,O=C1OC(c2ccc(O)cc2)(c2ccc(O)cc2)c2ccccc21,0.4504950495049505
QWCRAEMEVRGPNT-UHFFFAOYSA-N,O=C1CC2(CCCC2)CC(=O)N1CCCCN1CCN(c2ncccn2)CC1,0.8514851485148515
CMWTZPSULFXXJA-VIFPVBQESA-N,COc1ccc2cc([C@H](C)C(=O)O)ccc2c1,0.2231848184818482
QEVHRUUCFGRFIF-MDEJGZGSSA-N,COC(=O)[C@H]1[C@H]2C[C@@H]3c4[nH]c5cc(OC)ccc5c4CCN3C[C@H]2C[C@@H](OC(=O)c2cc(OC)c(OC)c(OC)c2)[C@@H]1OC,0.7970297029702971
XJGVXQDUIWGIRW-UHFFFAOYSA-N,CN1CCN(C2=Nc3ccccc3Oc3ccc(Cl)cc32)CC1,0.9339933993399341
PCZOHLXUXFIOCF-BXMDZJJMSA-N,CC[C@H](C)C(=O)O[C@H]1C[C@@H](C)C=C2C=C[C@H](C)[C@H](CC[C@@H]3C[C@@H](O)CC(=O)O3)[C@H]21,0.33518387553041024
JJCFRYNCJDLXIK-UHFFFAOYSA-N,CN1CCC(=C2c3ccccc3C=Cc3ccccc32)CC1,0.6896864686468647
YXUPZGKORWTXID-UHFFFAOYSA-N,CCCCCCCCCCCC[N+](C)(C)CCOc1ccccc1,0.9653465346534653
YVGGHNCTFXOJCH-UHFFFAOYSA-N,Clc1ccc(C(c2ccc(Cl)cc2)C(Cl)(Cl)Cl)cc1,0.9108910891089109
YLJREFDVOIBQDA-UHFFFAOYSA-N,Nc1c2c(nc3ccccc13)CCCC2,0.3801155115511552
WKGXYQFOCVYPAC-UHFFFAOYSA-N,NC(=O)OCC(COC(N)=O)c1ccccc1,0.22475247524752476
SBPRIAGPYFYCRT-UHFFFAOYSA-N,COc1ccccc1N1CCN(CCN(C(=O)C2CCCCC2)c2ccccn2)CC1,0.6947194719471946
NEUSVAOJNUQRTM-UHFFFAOYSA-N,CCCCCCCCCCCCCCCC[n+]1ccccc1,0.8861386138613861
RZEKVGVHFLEQIL-UHFFFAOYSA-N,Cc1ccc(-c2cc(C(F)(F)F)nn2-c2ccc(S(N)(=O)=O)cc2)cc1,0.8861386138613861
JUQLTPCYUFPYKE-UHFFFAOYSA-N,Cc1nc2sccn2c(=O)c1CCN1CCC(=C(c2ccc(F)cc2)c2ccc(F)cc2)CC1,0.7343234323432344
WYWZRNAHINYAEF-UHFFFAOYSA-N,CCCCC(CC)COC(=O)c1ccc(N(C)C)cc1,0.5587458745874588
JURKNVYFZMSNLP-UHFFFAOYSA-N,CN(C)CCC=C1c2ccccc2C=Cc2ccccc21,0.9422442244224423
XMAYWYJOQHXEEK-UHFFFAOYSA-N,CC(=O)N1CCN(c2ccc(OCC3COC(Cn4ccnc4)(c4ccc(Cl)cc4Cl)O3)cc2)CC1,0.7384286642950009
QVYRGXJJSLMXQH-UHFFFAOYSA-N,Cc1ccccc1C(OCCN(C)C)c1ccccc1,0.9131188118811882
RMUCZJUITONUFY-UHFFFAOYSA-N,NNCCc1ccccc1,0.47623762376237627
YVUQSNJEYSNKRX-UHFFFAOYSA-N,O=c1[nH]c2ccccc2n1C1CCN(CCCC(c2ccc(F)cc2)c2ccc(F)cc2)CC1,0.9801980198019802
JRWZLRBJNMZMFE-UHFFFAOYSA-N,CC(CCc1ccc(O)cc1)NCCc1ccc(O)c(O)c1,0.46163366336633666
QZPQTZZNNJUOLS-UHFFFAOYSA-N,CC1(C)CCC2=C(O1)c1ccccc1C(=O)C2=O,0.2301980198019802
ZBMZVLHSJCTVON-UHFFFAOYSA-N,CC(C)NCC(O)c1ccc(NS(C)(=O)=O)cc1,0.009900990099009901
QWAXKHKRTORLEM-UGJKXSETSA-N,CC(C)(C)NC(=O)[C@@H]1C[C@@H]2CCCC[C@@H]2CN1C[C@@H](O)[C@H](Cc1ccccc1)NC(=O)[C@H](CC(N)=O)NC(=O)c1ccc2ccccc2n1,0.08993399339933994
REQCZEXYDRLIBE-UHFFFAOYSA-N,CCN(CC)CCNC(=O)c1ccc(N)cc1,0.0
BDVFVCGFMNCYPV-UHFFFAOYSA-N,CC1CNCCN1S(=O)(=O)c1cccc2cnccc12,0.21746817538896748
PLDUPXSUYLZYBN-UHFFFAOYSA-N,OCCN1CCN(CCCN2c3ccccc3Sc3ccc(C(F)(F)F)cc32)CC1,0.9554455445544554
HOMWNUXPSJQSSU-UHFFFAOYSA-N,CN1CCN(c2ccc3ccccc3n2)CC1,0.6144389438943894
YEUSLPIIQGZHQB-UHFFFAOYSA-N,N=C(N)SCCc1cccc(CCSC(=N)N)c1,0.3613861386138614
RGLYKWWBQGJZGM-ISLYRVAYSA-N,CC/C(=C(/CC)c1ccc(O)cc1)c1ccc(O)cc1,0.4557991513437058
MRBDMNSDAVCSSF-UHFFFAOYSA-N,Cc1ccc(N(CC2=NCCN2)c2cccc(O)c2)cc1,0.43646864686468645
QZVCTJOXCFMACW-UHFFFAOYSA-N,CC(COc1ccccc1)N(CCCl)Cc1ccccc1,0.8834158415841583
YRCWQPVGYLYSOX-UHFFFAOYSA-N,CNCC(O)c1ccc(O)cc1,0.18811881188118812
XXPANQJNYNUNES-UHFFFAOYSA-N,CN1Cc2c(N)cccc2C(c2ccccc2)C1,0.5009075907590759
VQLPLYSROCPWFF-ROUUACIJSA-N,CN(C(=O)Cc1ccc(Cl)c(Cl)c1)[C@H]1CCCC[C@@H]1N1CCCC1,0.4405940594059406
GIIZNNXWQWCKIB-UHFFFAOYSA-N,OCc1cc(C(O)CNCCCCCCOCCCCc2ccccc2)ccc1O,0.8325082508250825
BLGXFZZNTVWLAY-SCYLSFHTSA-N,COC(=O)[C@@H]1[C@H]2C[C@H]3c4[nH]c5ccccc5c4CCN3C[C@@H]2CC[C@@H]1O,0.3927392739273927
AYYCFGDXLUPJAQ-UHFFFAOYSA-N,COc1ccccc1N1CCN(CCN2C(=O)CC3(CCCC3)CC2=O)CC1,0.5552805280528053
WIKYUJGCLQQFNW-UHFFFAOYSA-N,CN1CCN(CCCN2c3ccccc3Sc3ccc(Cl)cc32)CC1,0.7920792079207921
QWGDMFLQWFTERH-UHFFFAOYSA-N,Clc1ccc2c(c1)C(N1CCNCC1)=Nc1ccccc1O2,0.9455445544554455
IJHNSHDBIRRJRN-UHFFFAOYSA-N,CN(C)CCC(c1ccccc1)c1ccccn1,0.6522277227722773
MTCFGRXMJLQNBG-UWTATZPHSA-N,N[C@H](CO)C(=O)O,0.029042904290429047
LNEPOXFFQSENCJ-UHFFFAOYSA-N,O=C(CCCN1CCC(O)(c2ccc(Cl)cc2)CC1)c1ccc(F)cc1,0.9851485148514851
VHFVKMTVMIZMIK-UHFFFAOYSA-N,Clc1cccc(N2CCNCC2)c1,0.41782178217821786
FGXWKSZFVQUSTL-UHFFFAOYSA-N,O=c1[nH]c2ccccc2n1CCCN1CCC(n2c(=O)[nH]c3cc(Cl)ccc32)CC1,0.9768976897689768
CJXAEXPPLWQRFR-UHFFFAOYSA-N,Clc1ccc(Cn2c(CN3CCCC3)nc3ccccc32)cc1,0.9257425742574258
OYPPVKRFBIWMSX-SXGWCWSVSA-N,CN(C)C/C=C(/c1ccc(Br)cc1)c1cccnc1,0.42367986798679863
HRRBJVNMSRJFHQ-UHFFFAOYSA-N,COc1ccccc1N1CCN(CC(O)COc2cccc3ccccc23)CC1,0.8399339933993399
CJOFXWAVKWHTFT-XSFVSMFZSA-N,COCCCC/C(=N\OCCN)c1ccc(C(F)(F)F)cc1,0.5172795851013671
ZPEIMTDSQAKGNT-UHFFFAOYSA-N,CN(C)CCCN1c2ccccc2Sc2ccc(Cl)cc21,0.905940594059406
AUVVAXYIELKVAI-CKBKHPSWSA-N,CC[C@H]1CN2CCc3cc(OC)c(OC)cc3[C@@H]2C[C@@H]1C[C@H]1NCCc2cc(OC)c(OC)cc21,0.15792079207920792
AFAIELJLZYUNPW-UHFFFAOYSA-N,N=C1C=CC(=C(c2ccc(N)cc2)c2ccc(N)cc2)C=C1,0.531023102310231
KUBONGDXTUOOLM-UHFFFAOYSA-N,c1cc(CN2CCCCC2)cc(OCCCNc2nc3ccccc3s2)c1,0.8985148514851485
KPZQRBACZSLMPH-UHFFFAOYSA-N,Cc1c(C)c2c(c(C)c1O)CCC(C)(CN1CCN(c3cc(N4CCCC4)nc(N4CCCC4)n3)CC1)O2,0.46101485148514854
QOYHHIBFXOOADH-UHFFFAOYSA-N,O=C1NCN(c2ccccc2)C12CCN(CCCC(c1ccc(F)cc1)c1ccc(F)cc1)CC2,0.995049504950495
NDNKHWUXXOFHTD-UHFFFAOYSA-N,Cc1sc2ccccc2c1CC1=NCCN1,0.5280528052805281
LMYSNFBROWBKMB-UHFFFAOYSA-N,CCCN(CCC)CCc1ccc(O)c(O)c1,0.5226308345120226
FTSUPYGMFAPCFZ-ZWNOBZJWSA-N,CCCN1CCC[C@@H]2Cc3n[nH]cc3C[C@H]21,0.47318481848184824
CURUTKGFNZGFSE-UHFFFAOYSA-N,CCN(CC)CCOC(=O)C1(C2CCCCC2)CCCCC1,0.38613861386138615
NNAIYOXJNVGUOM-UHFFFAOYSA-N,CCNC(=O)N1CCN(CCCC(c2ccc(F)cc2)c2ccc(F)cc2)CC1,0.8415841584158416
CFJMRBQWBDQYMK-UHFFFAOYSA-N,CCN(CC)CCOCCOC(=O)C1(c2ccccc2)CCCC1,0.8102085208520853
FNYLWPVRPXGIIP-UHFFFAOYSA-N,Nc1nc(N)c2nc(-c3ccccc3)c(N)nc2n1,0.22772277227722773
PXXJHWLDUBFPOL-UHFFFAOYSA-N,N=C(N)c1ccccc1,0.10024752475247525
SHGAZHPCJJPHSC-XFYACQKRSA-N,CC1=C(/C=C/C(C)=C/C=C/C(C)=C\C(=O)O)C(C)(C)CCC1,0.19405940594059407
LOUPRKONTZGTKE-LHHVKLHASA-N,C=C[C@H]1CN2CC[C@H]1C[C@@H]2[C@@H](O)c1ccnc2ccc(OC)cc12,0.9603960396039604
AUZONCFQVSMFAP-UHFFFAOYSA-N,CCN(CC)C(=S)SSC(=S)N(CC)CC,0.16091466289486092
ZKZXNDJNWUTGDK-NSCUHMNNSA-N,O=S(=O)(NCCNC/C=C/c1ccc(Br)cc1)c1cccc2cnccc12,0.5643564356435643
GHXZTYHSJHQHIJ-UHFFFAOYSA-N,N=C(NCCCCCCNC(=N)NC(=N)Nc1ccc(Cl)cc1)NC(=N)Nc1ccc(Cl)cc1,0.6625412541254125
HUYWAWARQUIQLE-UHFFFAOYSA-N,CCC(NC(C)C)C(O)c1ccc(O)c(O)c1,0.1080858085808581
JUDKOGFHZYMDMF-UHFFFAOYSA-N,Oc1cc2c(cc1O)C(c1ccccc1)CNCC2,0.22896039603960397
DDUHZTYCFQRHIY-RBHXEPJQSA-N,COC1=CC(=O)C[C@@H](C)[C@]12Oc1c(Cl)c(OC)cc(OC)c1C2=O,0.28217821782178215
NLZUEZXRPGMBCV-UHFFFAOYSA-N,Cc1cc(C(C)(C)C)c(O)c(C(C)(C)C)c1,0.17904290429042904
UVTNFZQICZKOEM-UHFFFAOYSA-N,CC(C)N(CCC(C(N)=O)(c1ccccc1)c1ccccn1)C(C)C,0.6699021687883072
GUGOEEXESWIERI-UHFFFAOYSA-N,CC(C)(C)c1ccc(C(O)CCCN2CCC(C(O)(c3ccccc3)c3ccccc3)CC2)cc1,0.9306930693069307
SGUAFYQXFOLMHL-UHFFFAOYSA-N,CC(CCc1ccccc1)NCC(O)c1ccc(O)c(C(N)=O)c1,0.31716171617161715
JTVPZMFULRWINT-UHFFFAOYSA-N,CCN(CC)CCNC(=O)c1cc(S(C)(=O)=O)ccc1OC,0.228960396039604
TVURRHSHRRELCG-UHFFFAOYSA-N,Oc1ccc(C2CNCCc3c2cc(O)c(O)c3Cl)cc1,0.31600660066006603
MNHDKMDLOJSCGN-UHFFFAOYSA-N,COc1ccccc1N1CCN(CCCCNC(=O)c2ccc3ccccc3c2)CC1,0.9405940594059405
WYWIFABBXFUGLM-UHFFFAOYSA-N,Cc1cc(C(C)(C)C)c(O)c(C)c1CC1=NCCN1,0.33696369636963697
QCDFBFJGMNKBDO-UHFFFAOYSA-N,Oc1c(I)cc(Cl)c2cccnc12,0.26485148514851486
YJZYDPRMWYWYCG-UHFFFAOYSA-N,COc1ccccc1N1CCN(CCN(C(=O)c2ccc(F)cc2)c2ccccn2)CC1,0.7813531353135312
DXGLGDHPHMLXJC-UHFFFAOYSA-N,COc1ccc(C(=O)c2ccccc2)c(O)c1,0.24183168316831685
RGCVKNLCSQQDEP-UHFFFAOYSA-N,OCCN1CCN(CCCN2c3ccccc3Sc3ccc(Cl)cc32)CC1,0.9554455445544554
ZDIGNSYAACHWNL-UHFFFAOYSA-N,CN(C)CCC(c1ccc(Br)cc1)c1ccccn1,0.8234912776991985
PHVGLTMQBUFIQQ-UHFFFAOYSA-N,CNCCC=C1c2ccccc2CCc2ccccc21,0.9653465346534653
QAIPRVGONGVQAS-DUXPYHPUSA-N,O=C(O)/C=C/c1ccc(O)c(O)c1,0.0594059405940594
GGUSQTSTQSHJAH-UHFFFAOYSA-N,OC(CN1CCC(Cc2ccc(F)cc2)CC1)c1ccc(Cl)cc1,0.9458745874587459
KUAZQDVKQLNFPE-UHFFFAOYSA-N,CN(C)C(=S)SSC(=S)N(C)C,0.10627062706270625
QBUVZVXIRYFENV-UHFFFAOYSA-N,C=CCN1CCc2cc(O)c(O)cc2C(c2ccccc2)C1,0.3316831683168317
SOYKEARSMXGVTM-UHFFFAOYSA-N,CN(C)CCC(c1ccc(Cl)cc1)c1ccccn1,0.4841348420556342
VQLPLYSROCPWFF-QZTJIDSGSA-N,CN(C(=O)Cc1ccc(Cl)c(Cl)c1)[C@@H]1CCCC[C@H]1N1CCCC1,0.4405940594059406
MVFGUOIZUNYYSO-UHFFFAOYSA-N,CCCNC(C)C(=O)Nc1ccccc1C,0.15734323432343236
PHLBKPHSAVXXEF-UHFFFAOYSA-N,O=c1n(CCCN2CCN(c3cccc(Cl)c3)CC2)nc2ccccn12,0.9339933993399341
NWIUTZDMDHAVTP-UHFFFAOYSA-N,CC(C)NCC(O)COc1ccc(CCOCC2CC2)cc1,0.43729372937293726
AHOUBRCZNHFOSL-YOEHRIQHSA-N,Fc1ccc([C@@H]2CCNC[C@H]2COc2ccc3c(c2)OCO3)cc1,0.7029702970297029
SGTNSNPWRIOYBX-UHFFFAOYSA-N,COc1ccc(CCN(C)CCCC(C#N)(c2ccc(OC)c(OC)c2)C(C)C)cc1OC,1.0
SOYKEARSMXGVTM-HNNXBMFYSA-N,CN(C)CC[C@@H](c1ccc(Cl)cc1)c1ccccn1,0.4841348420556342
VVWYOYDLCMFIEM-UHFFFAOYSA-N,CC(C)[N+](C)(CCOC(=O)C1c2ccccc2Oc2ccccc21)C(C)C,0.556023102310231
RAQPOZGWANIDQT-UHFFFAOYSA-N,c1ccc(CCCN2CCN(CCOC(c3ccccc3)c3ccccc3)CC2)cc1,0.9587458745874589
PWWVAXIEGOYWEE-UHFFFAOYSA-N,CC(CN1c2ccccc2Sc2ccccc21)N(C)C,0.8821782178217821
WAOQONBSWFLFPE-VIFPVBQESA-N,CCN1CCC[C@H]1CNC(=O)c1c(O)c(Cl)cc(Cl)c1OC,0.47326732673267324
RPTUSVTUFVMDQK-UHFFFAOYSA-N,NNc1nncc2ccccc12,0.26584158415841586
SNICMGDUOVKOPQ-UHFFFAOYSA-N,Fc1ccc(C(OCCCc2c[nH]cn2)c2ccc(F)cc2)cc1,0.8772277227722771
FPCCSQOGAWCVBH-UHFFFAOYSA-N,O=C(c1ccc(F)cc1)C1CCN(CCn2c(=O)[nH]c3ccccc3c2=O)CC1,0.5783828382838284
XCPGHVQEEXUHNC-UHFFFAOYSA-N,COc1cc(NS(C)(=O)=O)ccc1Nc1c2ccccc2nc2ccccc12,0.8118811881188119
WUWDLXZGHZSWQZ-WQLSENKSSA-N,Cc1cc(C)c(/C=C2\C(=O)Nc3ccccc32)[nH]1,0.3415841584158416
YECBIJXISLIIDS-UHFFFAOYSA-N,COc1ccc(CN(CCN(C)C)c2ccccn2)cc1,0.9620462046204621
YAPQBXQYLJRXSA-UHFFFAOYSA-N,Cn1cnc2c1c(=O)[nH]c(=O)n2C,0.13077557755775576
OOEUHRGMLFVKQO-UHFFFAOYSA-N,Ic1ccc(N2CCN(Cc3c[nH]c4ncccc34)CC2)cc1,0.6175742574257426
WHTVZRBIWZFKQO-UHFFFAOYSA-N,CCN(CC)CCCC(C)Nc1ccnc2cc(Cl)ccc12,0.9900990099009901
NULAJYZBOLVQPQ-UHFFFAOYSA-N,NCCNc1cccc2ccccc12,0.5052805280528053
AQCHWTWZEMGIFD-UHFFFAOYSA-N,Cc1ccccc1N1C(=O)c2cc(S(N)(=O)=O)c(Cl)cc2NC1C,0.2698019801980198
HBNPJJILLOYFJU-VMPREFPWSA-N,COCC(=O)O[C@]1(CCN(C)CCCc2nc3ccccc3[nH]2)CCc2cc(F)ccc2[C@@H]1C(C)C,0.9884488448844884
HCYAFALTSJYZDH-UHFFFAOYSA-N,CNCCCN1c2ccccc2CCc2ccccc21,0.9851485148514851
SJDOMIRMMUGQQK-UHFFFAOYSA-N,COc1ccccc1N1CCN(CCCCN2C(=O)c3ccccc3C2=O)CC1,0.9108910891089109
NAUWTFJOPJWYOT-UHFFFAOYSA-N,Fc1ccc(C(OCCN2CCN(CCCc3ccccc3)CC2)c2ccc(F)cc2)cc1,0.995049504950495
WSEQXVZVJXJVFP-UHFFFAOYSA-N,CN(C)CCCC1(c2ccc(F)cc2)OCc2cc(C#N)ccc21,0.9900990099009901
LIHCKGZEDBNUJG-UHFFFAOYSA-N,CN1CCc2cc(O)c(O)cc2C(c2ccccc2)C1,0.28787128712871285
HNJJXZKZRAWDPF-UHFFFAOYSA-N,CN(C)CCN(Cc1cccs1)c1ccccn1,0.733085808580858
BCGWQEUPMDMJNV-UHFFFAOYSA-N,CN(C)CCCN1c2ccccc2CCc2ccccc21,1.0
